algorithm,scenario_id,t,T,x,z,a,B_accept,g_proposals,h_proposals,total_proposals,acceptance_rate,mean_proposals_per_draw,median_proposals_per_draw,B_time,timing_reps,elapsed_median_sec,elapsed_mean_sec,elapsed_sd_sec,sec_per_draw_median,acceptance_seed
3,1,0.1,3.0,0.05,0.05,2.0,2000,12512,0,12512,0.159846547314578,6.256,4.0,10000,1,0.93244625,0.93244625,,9.3244625e-05,100001
3,2,1.0,3.0,0.05,0.05,2.0,2000,8759,0,8759,0.22833656810138145,4.3795,3.0,10000,1,0.8983297080000001,0.8983297080000001,,8.983297080000002e-05,100002
3,3,1.5,3.0,0.05,0.05,2.0,2000,8730,0,8730,0.2290950744558992,4.365,3.0,10000,1,1.685910417,1.685910417,,0.0001685910417,100003
3,4,2.0,3.0,0.05,0.05,2.0,2000,8569,0,8569,0.2333994631812347,4.2845,3.0,10000,1,0.9242054579999994,0.9242054579999994,,9.242054579999995e-05,100004
3,5,2.5,3.0,0.05,0.05,2.0,2000,9304,0,9304,0.21496130696474636,4.652,3.0,10000,1,0.7930898750000006,0.7930898750000006,,7.930898750000006e-05,100005
3,6,2.9,3.0,0.05,0.05,2.0,2000,12698,0,12698,0.1575051189163648,6.349,5.0,10000,1,0.9131649580000003,0.9131649580000003,,9.131649580000003e-05,100006
3,7,0.1,3.0,0.525,0.05,2.0,2000,10058,0,10058,0.19884668920262477,5.029,4.0,10000,1,0.6694044999999988,0.6694044999999988,,6.694044999999989e-05,100007
3,8,1.0,3.0,0.525,0.05,2.0,2000,8805,0,8805,0.2271436683702442,4.4025,3.0,10000,1,0.9493251669999996,0.9493251669999996,,9.493251669999996e-05,100008
3,9,1.5,3.0,0.525,0.05,2.0,2000,8957,0,8957,0.22328904767221167,4.4785,3.0,10000,1,1.469651583000001,1.469651583000001,,0.0001469651583000001,100009
3,10,2.0,3.0,0.525,0.05,2.0,2000,10090,0,10090,0.19821605550049554,5.045,4.0,10000,1,0.9016743749999989,0.9016743749999989,,9.01674374999999e-05,100010
3,11,2.5,3.0,0.525,0.05,2.0,2000,9919,0,9919,0.20163322915616494,4.9595,4.0,10000,1,0.8300700419999991,0.8300700419999991,,8.300700419999991e-05,100011
3,12,2.9,3.0,0.525,0.05,2.0,2000,14503,0,14503,0.1379025029304282,7.2515,5.0,10000,1,1.0454781670000006,1.0454781670000006,,0.00010454781670000007,100012
3,13,0.1,3.0,1.0,0.05,2.0,2000,7805,0,7805,0.25624599615631005,3.9025,3.0,10000,1,0.5564318329999995,0.5564318329999995,,5.564318329999996e-05,100013
3,14,1.0,3.0,1.0,0.05,2.0,2000,8839,0,8839,0.2262699400384659,4.4195,3.0,10000,1,0.9529606249999993,0.9529606249999993,,9.529606249999993e-05,100014
3,15,1.5,3.0,1.0,0.05,2.0,2000,8720,0,8720,0.22935779816513763,4.36,3.0,10000,1,1.8990670829999985,1.8990670829999985,,0.00018990670829999984,100015
3,16,2.0,3.0,1.0,0.05,2.0,2000,14328,0,14328,0.13958682300390843,7.164,5.0,10000,1,1.218556833000001,1.218556833000001,,0.0001218556833000001,100016
3,17,2.5,3.0,1.0,0.05,2.0,2000,14416,0,14416,0.13873473917869034,7.208,5.0,10000,1,1.1130661669999995,1.1130661669999995,,0.00011130661669999995,100017
3,18,2.9,3.0,1.0,0.05,2.0,2000,19655,0,19655,0.10175527855507505,9.8275,7.0,10000,1,1.4533204580000003,1.4533204580000003,,0.00014533204580000002,100018
3,19,0.1,3.0,1.4749999999999999,0.05,2.0,2000,9514,0,9514,0.21021652301870927,4.757,3.0,10000,1,0.6791878330000003,0.6791878330000003,,6.791878330000003e-05,100019
3,20,1.0,3.0,1.4749999999999999,0.05,2.0,2000,8697,0,8697,0.22996435552489364,4.3485,3.0,10000,1,0.9545570419999976,0.9545570419999976,,9.545570419999976e-05,100020
3,21,1.5,3.0,1.4749999999999999,0.05,2.0,2000,8878,0,8878,0.22527596305474207,4.439,3.0,10000,1,1.4865672500000002,1.4865672500000002,,0.00014865672500000002,100021
3,22,2.0,3.0,1.4749999999999999,0.05,2.0,2000,28909,0,28909,0.06918260749247639,14.4545,10.0,10000,1,2.321926042000001,2.321926042000001,,0.0002321926042000001,100022
3,23,2.5,3.0,1.4749999999999999,0.05,2.0,2000,28916,0,28916,0.06916585973163647,14.458,10.0,10000,1,2.089065500000004,2.089065500000004,,0.00020890655000000037,100023
3,24,2.9,3.0,1.4749999999999999,0.05,2.0,2000,41369,0,41369,0.04834537939036477,20.6845,15.0,10000,1,2.8941270830000008,2.8941270830000008,,0.0002894127083000001,100024
3,25,0.1,3.0,1.95,0.05,2.0,2000,12394,0,12394,0.16136840406648378,6.197,4.0,10000,1,0.9310412499999998,0.9310412499999998,,9.310412499999998e-05,100025
3,26,1.0,3.0,1.95,0.05,2.0,2000,8577,0,8577,0.23318176518596245,4.2885,3.0,10000,1,0.9352370000000008,0.9352370000000008,,9.352370000000008e-05,100026
3,27,1.5,3.0,1.95,0.05,2.0,2000,8922,0,8922,0.22416498542927596,4.461,3.0,10000,1,1.7240608749999993,1.7240608749999993,,0.00017240608749999992,100027
3,28,2.0,3.0,1.95,0.05,2.0,2000,343973,0,343973,0.005814409851936053,171.9865,119.5,10000,1,28.194582458,28.194582458,,0.0028194582458,100028
3,29,2.5,3.0,1.95,0.05,2.0,2000,342312,0,342312,0.005842623104068803,171.156,112.0,10000,1,24.41167945800001,24.41167945800001,,0.002441167945800001,100029
3,30,2.9,3.0,1.95,0.05,2.0,2000,493173,0,493173,0.004055372049970294,246.5865,168.5,10000,1,36.06580187499999,36.06580187499999,,0.0036065801874999993,100030
3,31,0.1,3.0,0.05,0.525,2.0,2000,14571,0,14571,0.1372589389884016,7.2855,5.0,10000,1,1.0572616249999953,1.0572616249999953,,0.00010572616249999954,100031
3,32,1.0,3.0,0.05,0.525,2.0,2000,10296,0,10296,0.19425019425019424,5.148,4.0,10000,1,0.9033325409999975,0.9033325409999975,,9.033325409999975e-05,100032
3,33,1.5,3.0,0.05,0.525,2.0,2000,10074,0,10074,0.1985308715505261,5.037,4.0,10000,1,1.7800336250000157,1.7800336250000157,,0.00017800336250000157,100033
3,34,2.0,3.0,0.05,0.525,2.0,2000,8823,0,8823,0.22668026748271564,4.4115,3.0,10000,1,0.9414606659999833,0.9414606659999833,,9.414606659999833e-05,100034
3,35,2.5,3.0,0.05,0.525,2.0,2000,8807,0,8807,0.22709208584080845,4.4035,3.0,10000,1,0.875406125000012,0.875406125000012,,8.75406125000012e-05,100035
3,36,2.9,3.0,0.05,0.525,2.0,2000,9739,0,9739,0.20535989321285553,4.8695,4.0,10000,1,0.6702382080000007,0.6702382080000007,,6.702382080000007e-05,100036
3,37,0.1,3.0,0.525,0.525,2.0,2000,10767,0,10767,0.1857527630723507,5.3835,4.0,10000,1,0.7502507089999995,0.7502507089999995,,7.502507089999995e-05,100037
3,38,1.0,3.0,0.525,0.525,2.0,2000,9928,0,9928,0.20145044319097502,4.964,4.0,10000,1,0.9308313339999756,0.9308313339999756,,9.308313339999757e-05,100038
3,39,1.5,3.0,0.525,0.525,2.0,2000,10218,0,10218,0.19573302016050106,5.109,4.0,10000,1,1.5201480419999882,1.5201480419999882,,0.00015201480419999882,100039
3,40,2.0,3.0,0.525,0.525,2.0,2000,9857,0,9857,0.20290149132596125,4.9285,3.0,10000,1,0.9270210420000069,0.9270210420000069,,9.270210420000069e-05,100040
3,41,2.5,3.0,0.525,0.525,2.0,2000,10091,0,10091,0.19819641264493112,5.0455,4.0,10000,1,0.9272471249999796,0.9272471249999796,,9.272471249999797e-05,100041
3,42,2.9,3.0,0.525,0.525,2.0,2000,10747,0,10747,0.18609844607797524,5.3735,4.0,10000,1,0.7564754580000113,0.7564754580000113,,7.564754580000113e-05,100042
3,43,0.1,3.0,1.0,0.525,2.0,2000,8855,0,8855,0.22586109542631283,4.4275,3.0,10000,1,0.6106454999999755,0.6106454999999755,,6.106454999999756e-05,100043
3,44,1.0,3.0,1.0,0.525,2.0,2000,9654,0,9654,0.20716801325875284,4.827,4.0,10000,1,0.9306609580000043,0.9306609580000043,,9.306609580000043e-05,100044
3,45,1.5,3.0,1.0,0.525,2.0,2000,10040,0,10040,0.199203187250996,5.02,4.0,10000,1,1.9503222920000098,1.9503222920000098,,0.00019503222920000098,100045
3,46,2.0,3.0,1.0,0.525,2.0,2000,13705,0,13705,0.1459321415541773,6.8525,5.0,10000,1,1.265978084000011,1.265978084000011,,0.0001265978084000011,100046
3,47,2.5,3.0,1.0,0.525,2.0,2000,14859,0,14859,0.1345985597954102,7.4295,5.0,10000,1,1.2732826250000073,1.2732826250000073,,0.00012732826250000072,100047
3,48,2.9,3.0,1.0,0.525,2.0,2000,15263,0,15263,0.13103583830177554,7.6315,5.0,10000,1,1.0596350419999965,1.0596350419999965,,0.00010596350419999965,100048
3,49,0.1,3.0,1.4749999999999999,0.525,2.0,2000,10899,0,10899,0.18350307367648408,5.4495,4.0,10000,1,0.7537157499999978,0.7537157499999978,,7.537157499999978e-05,100049
3,50,1.0,3.0,1.4749999999999999,0.525,2.0,2000,9944,0,9944,0.2011263073209976,4.972,4.0,10000,1,0.9543624169999987,0.9543624169999987,,9.543624169999987e-05,100050
3,51,1.5,3.0,1.4749999999999999,0.525,2.0,2000,9793,0,9793,0.20422750944552232,4.8965,4.0,10000,1,1.502604292000001,1.502604292000001,,0.0001502604292000001,100051
3,52,2.0,3.0,1.4749999999999999,0.525,2.0,2000,27364,0,27364,0.0730887297178775,13.682,10.0,10000,1,2.381125750000024,2.381125750000024,,0.00023811257500000238,100052
3,53,2.5,3.0,1.4749999999999999,0.525,2.0,2000,27955,0,27955,0.07154355213736362,13.9775,10.0,10000,1,2.2998204999999814,2.2998204999999814,,0.00022998204999999814,100053
3,54,2.9,3.0,1.4749999999999999,0.525,2.0,2000,29958,0,29958,0.06676013084985646,14.979,10.5,10000,1,2.0870668749999766,2.0870668749999766,,0.00020870668749999765,100054
3,55,0.1,3.0,1.95,0.525,2.0,2000,14157,0,14157,0.14127286854559581,7.0785,5.0,10000,1,1.0518158749999884,1.0518158749999884,,0.00010518158749999884,100055
3,56,1.0,3.0,1.95,0.525,2.0,2000,9920,0,9920,0.20161290322580644,4.96,4.0,10000,1,0.9098482079999997,0.9098482079999997,,9.098482079999997e-05,100056
3,57,1.5,3.0,1.95,0.525,2.0,2000,10277,0,10277,0.19460932178651358,5.1385,4.0,10000,1,1.7732287919999976,1.7732287919999976,,0.00017732287919999977,100057
3,58,2.0,3.0,1.95,0.525,2.0,2000,351547,0,351547,0.005689139716737734,175.7735,119.0,10000,1,29.384369582999994,29.384369582999994,,0.0029384369582999992,100058
3,59,2.5,3.0,1.95,0.525,2.0,2000,351333,0,351333,0.005692605021446889,175.6665,124.0,10000,1,27.228095499999995,27.228095499999995,,0.0027228095499999996,100059
3,60,2.9,3.0,1.95,0.525,2.0,2000,376039,0,376039,0.005318597273155178,188.0195,133.0,10000,1,25.311172208000016,25.311172208000016,,0.002531117220800002,100060
3,61,0.1,3.0,0.05,1.0,2.0,2000,20140,0,20140,0.09930486593843098,10.07,7.0,10000,1,1.4577627909999933,1.4577627909999933,,0.00014577627909999932,100061
3,62,1.0,3.0,0.05,1.0,2.0,2000,14282,0,14282,0.1400364094664613,7.141,5.0,10000,1,1.222088499999984,1.222088499999984,,0.0001222088499999984,100062
3,63,1.5,3.0,0.05,1.0,2.0,2000,13971,0,13971,0.14315367547061772,6.9855,5.0,10000,1,2.48519675,2.48519675,,0.000248519675,100063
3,64,2.0,3.0,0.05,1.0,2.0,2000,9073,0,9073,0.22043425548330212,4.5365,3.0,10000,1,0.9409876249999911,0.9409876249999911,,9.409876249999911e-05,100064
3,65,2.5,3.0,0.05,1.0,2.0,2000,8559,0,8559,0.23367215796237878,4.2795,3.0,10000,1,0.7980561249999596,0.7980561249999596,,7.980561249999597e-05,100065
3,66,2.9,3.0,0.05,1.0,2.0,2000,7887,0,7887,0.2535818435400025,3.9435,3.0,10000,1,0.5437506249999728,0.5437506249999728,,5.4375062499997284e-05,100066
3,67,0.1,3.0,0.525,1.0,2.0,2000,15718,0,15718,0.1272426517368622,7.859,6.0,10000,1,1.0476773750000348,1.0476773750000348,,0.00010476773750000347,100067
3,68,1.0,3.0,0.525,1.0,2.0,2000,13936,0,13936,0.14351320321469574,6.968,5.0,10000,1,1.2926448750000077,1.2926448750000077,,0.00012926448750000076,100068
3,69,1.5,3.0,0.525,1.0,2.0,2000,13843,0,13843,0.14447735317488983,6.9215,5.0,10000,1,2.11986399999995,2.11986399999995,,0.000211986399999995,100069
3,70,2.0,3.0,0.525,1.0,2.0,2000,9913,0,9913,0.20175527085645112,4.9565,4.0,10000,1,0.9306877079999936,0.9306877079999936,,9.306877079999936e-05,100070
3,71,2.5,3.0,0.525,1.0,2.0,2000,10038,0,10038,0.19924287706714486,5.019,4.0,10000,1,0.8553577910000172,0.8553577910000172,,8.553577910000172e-05,100071
3,72,2.9,3.0,0.525,1.0,2.0,2000,8812,0,8812,0.22696323195642307,4.406,3.0,10000,1,0.6077473340000097,0.6077473340000097,,6.077473340000097e-05,100072
3,73,0.1,3.0,1.0,1.0,2.0,2000,12341,0,12341,0.1620614212786646,6.1705,5.0,10000,1,0.862138458000004,0.862138458000004,,8.62138458000004e-05,100073
3,74,1.0,3.0,1.0,1.0,2.0,2000,13761,0,13761,0.1453382748346777,6.8805,5.0,10000,1,1.272171042000025,1.272171042000025,,0.0001272171042000025,100074
3,75,1.5,3.0,1.0,1.0,2.0,2000,13923,0,13923,0.14364720247073187,6.9615,5.0,10000,1,2.7463306249999846,2.7463306249999846,,0.00027463306249999843,100075
3,76,2.0,3.0,1.0,1.0,2.0,2000,14226,0,14226,0.14058765640376775,7.113,5.0,10000,1,1.2563511660000017,1.2563511660000017,,0.00012563511660000016,100076
3,77,2.5,3.0,1.0,1.0,2.0,2000,14074,0,14074,0.14210601108426887,7.037,5.0,10000,1,1.2007901659999902,1.2007901659999902,,0.00012007901659999902,100077
3,78,2.9,3.0,1.0,1.0,2.0,2000,12756,0,12756,0.15678896205707119,6.378,5.0,10000,1,0.8427837500000237,0.8427837500000237,,8.427837500000237e-05,100078
3,79,0.1,3.0,1.4749999999999999,1.0,2.0,2000,15614,0,15614,0.1280901754835404,7.807,6.0,10000,1,1.0641826670000114,1.0641826670000114,,0.00010641826670000114,100079
3,80,1.0,3.0,1.4749999999999999,1.0,2.0,2000,14159,0,14159,0.14125291334133766,7.0795,5.0,10000,1,1.2636404579999976,1.2636404579999976,,0.00012636404579999976,100080
3,81,1.5,3.0,1.4749999999999999,1.0,2.0,2000,13836,0,13836,0.14455044810638912,6.918,5.0,10000,1,2.1149843329999953,2.1149843329999953,,0.00021149843329999955,100081
3,82,2.0,3.0,1.4749999999999999,1.0,2.0,2000,27640,0,27640,0.0723589001447178,13.82,10.0,10000,1,2.40758787499999,2.40758787499999,,0.000240758787499999,100082
3,83,2.5,3.0,1.4749999999999999,1.0,2.0,2000,28400,0,28400,0.07042253521126761,14.2,10.0,10000,1,2.0401446660000033,2.0401446660000033,,0.00020401446660000034,100083
3,84,2.9,3.0,1.4749999999999999,1.0,2.0,2000,25890,0,25890,0.0772499034376207,12.945,9.0,10000,1,1.7177433329999872,1.7177433329999872,,0.0001717743332999987,100084
3,85,0.1,3.0,1.95,1.0,2.0,2000,19109,0,19109,0.10466272437071537,9.5545,7.0,10000,1,1.4656177499999785,1.4656177499999785,,0.00014656177499999785,100085
3,86,1.0,3.0,1.95,1.0,2.0,2000,13658,0,13658,0.1464343242055938,6.829,5.0,10000,1,1.2537914590000128,1.2537914590000128,,0.0001253791459000013,100086
3,87,1.5,3.0,1.95,1.0,2.0,2000,13571,0,13571,0.14737307493920862,6.7855,5.0,10000,1,2.483162708000009,2.483162708000009,,0.0002483162708000009,100087
3,88,2.0,3.0,1.95,1.0,2.0,2000,349879,0,349879,0.005716261907688086,174.9395,118.5,10000,1,29.422147249999966,29.422147249999966,,0.0029422147249999965,100088
3,89,2.5,3.0,1.95,1.0,2.0,2000,344031,0,344031,0.005813429603727571,172.0155,122.0,10000,1,23.896614708000016,23.896614708000016,,0.0023896614708000014,100089
3,90,2.9,3.0,1.95,1.0,2.0,2000,296319,0,296319,0.00674948282087885,148.1595,100.0,10000,1,21.040456833999997,21.040456833999997,,0.0021040456833999995,100090
3,91,0.1,3.0,0.05,1.4749999999999999,2.0,2000,40325,0,40325,0.04959702417854929,20.1625,14.0,10000,1,2.9344434170000113,2.9344434170000113,,0.00029344434170000116,100091
3,92,1.0,3.0,0.05,1.4749999999999999,2.0,2000,28256,0,28256,0.07078142695356739,14.128,10.0,10000,1,2.276135207999971,2.276135207999971,,0.0002276135207999971,100092
3,93,1.5,3.0,0.05,1.4749999999999999,2.0,2000,27324,0,27324,0.0731957253696384,13.662,9.0,10000,1,4.869352124999978,4.869352124999978,,0.00048693521249999777,100093
3,94,2.0,3.0,0.05,1.4749999999999999,2.0,2000,8969,0,8969,0.2229902999219534,4.4845,3.0,10000,1,0.9448345000000131,0.9448345000000131,,9.448345000000132e-05,100094
3,95,2.5,3.0,0.05,1.4749999999999999,2.0,2000,8517,0,8517,0.23482446870963955,4.2585,3.0,10000,1,0.8727933749999579,0.8727933749999579,,8.72793374999958e-05,100095
3,96,2.9,3.0,0.05,1.4749999999999999,2.0,2000,9780,0,9780,0.20449897750511248,4.89,4.0,10000,1,0.6718354579999755,0.6718354579999755,,6.718354579999755e-05,100096
3,97,0.1,3.0,0.525,1.4749999999999999,2.0,2000,31259,0,31259,0.06398157330688761,15.6295,11.0,10000,1,2.1265463749999753,2.1265463749999753,,0.00021265463749999753,100097
3,98,1.0,3.0,0.525,1.4749999999999999,2.0,2000,28177,0,28177,0.07097987720481244,14.0885,10.0,10000,1,2.3395971250000116,2.3395971250000116,,0.00023395971250000117,100098
3,99,1.5,3.0,0.525,1.4749999999999999,2.0,2000,28274,0,28274,0.07073636556553724,14.137,10.0,10000,1,4.160496500000022,4.160496500000022,,0.0004160496500000022,100099
3,100,2.0,3.0,0.525,1.4749999999999999,2.0,2000,10064,0,10064,0.1987281399046105,5.032,4.0,10000,1,0.926535916999967,0.926535916999967,,9.265359169999669e-05,100100
3,101,2.5,3.0,0.525,1.4749999999999999,2.0,2000,10228,0,10228,0.19554165037152912,5.114,4.0,10000,1,0.9535987919999798,0.9535987919999798,,9.535987919999798e-05,100101
3,102,2.9,3.0,0.525,1.4749999999999999,2.0,2000,11508,0,11508,0.1737921445950643,5.754,4.0,10000,1,0.7552908340000499,0.7552908340000499,,7.552908340000499e-05,100102
3,103,0.1,3.0,1.0,1.4749999999999999,2.0,2000,23233,0,23233,0.08608444884431628,11.6165,8.0,10000,1,1.7290522090000309,1.7290522090000309,,0.0001729052209000031,100103
3,104,1.0,3.0,1.0,1.4749999999999999,2.0,2000,27440,0,27440,0.0728862973760933,13.72,9.0,10000,1,2.3715653749999888,2.3715653749999888,,0.00023715653749999889,100104
3,105,1.5,3.0,1.0,1.4749999999999999,2.0,2000,27921,0,27921,0.0716306722538591,13.9605,10.0,10000,1,5.4904757080000195,5.4904757080000195,,0.000549047570800002,100105
3,106,2.0,3.0,1.0,1.4749999999999999,2.0,2000,13760,0,13760,0.14534883720930233,6.88,5.0,10000,1,1.2917613750000214,1.2917613750000214,,0.00012917613750000213,100106
3,107,2.5,3.0,1.0,1.4749999999999999,2.0,2000,13744,0,13744,0.14551804423748546,6.872,5.0,10000,1,1.3222475420000137,1.3222475420000137,,0.00013222475420000137,100107
3,108,2.9,3.0,1.0,1.4749999999999999,2.0,2000,15137,0,15137,0.13212657726101606,7.5685,5.0,10000,1,1.0635748330000183,1.0635748330000183,,0.00010635748330000184,100108
3,109,0.1,3.0,1.4749999999999999,1.4749999999999999,2.0,2000,29421,0,29421,0.06797865470242344,14.7105,10.0,10000,1,2.1048507499999687,2.1048507499999687,,0.00021048507499999686,100109
3,110,1.0,3.0,1.4749999999999999,1.4749999999999999,2.0,2000,28026,0,28026,0.07136230642974381,14.013,10.0,10000,1,2.35218825000004,2.35218825000004,,0.000235218825000004,100110
3,111,1.5,3.0,1.4749999999999999,1.4749999999999999,2.0,2000,27908,0,27908,0.07166403898523721,13.954,10.0,10000,1,4.172587041999975,4.172587041999975,,0.0004172587041999975,100111
3,112,2.0,3.0,1.4749999999999999,1.4749999999999999,2.0,2000,26961,0,26961,0.07418122473202032,13.4805,10.0,10000,1,2.4353747079999835,2.4353747079999835,,0.00024353747079999835,100112
3,113,2.5,3.0,1.4749999999999999,1.4749999999999999,2.0,2000,28584,0,28584,0.06996921354603974,14.292,10.0,10000,1,2.304396708000013,2.304396708000013,,0.0002304396708000013,100113
3,114,2.9,3.0,1.4749999999999999,1.4749999999999999,2.0,2000,33204,0,33204,0.060233706782315384,16.602,11.0,10000,1,2.159120625000014,2.159120625000014,,0.00021591206250000142,100114
3,115,0.1,3.0,1.95,1.4749999999999999,2.0,2000,40842,0,40842,0.04896919837422262,20.421,14.0,10000,1,2.8881858330000227,2.8881858330000227,,0.00028881858330000225,100115
3,116,1.0,3.0,1.95,1.4749999999999999,2.0,2000,27434,0,27434,0.07290223809870963,13.717,9.0,10000,1,2.265438458999995,2.265438458999995,,0.0002265438458999995,100116
3,117,1.5,3.0,1.95,1.4749999999999999,2.0,2000,28092,0,28092,0.07119464616260857,14.046,10.0,10000,1,4.835621625000044,4.835621625000044,,0.00048356216250000444,100117
3,118,2.0,3.0,1.95,1.4749999999999999,2.0,2000,354305,0,354305,0.005644854009963167,177.1525,127.0,10000,1,28.654906666999977,28.654906666999977,,0.0028654906666999978,100118
3,119,2.5,3.0,1.95,1.4749999999999999,2.0,2000,348031,0,348031,0.005746614525717537,174.0155,118.0,10000,1,26.328968416000066,26.328968416000066,,0.0026328968416000067,100119
3,120,2.9,3.0,1.95,1.4749999999999999,2.0,2000,380745,0,380745,0.0052528595254041415,190.3725,130.0,10000,1,25.42256025000006,25.42256025000006,,0.002542256025000006,100120
3,121,0.1,3.0,0.05,1.95,2.0,2000,515356,0,515356,0.003880812486902258,257.678,179.5,10000,1,36.42380283300008,36.42380283300008,,0.003642380283300008,100121
3,122,1.0,3.0,0.05,1.95,2.0,2000,333486,0,333486,0.005997253258007832,166.743,114.0,10000,1,27.88772054200001,27.88772054200001,,0.002788772054200001,100122
3,123,1.5,3.0,0.05,1.95,2.0,2000,340453,0,340453,0.005874525999183441,170.2265,116.0,10000,1,59.95417425000005,59.95417425000005,,0.005995417425000005,100123
3,124,2.0,3.0,0.05,1.95,2.0,2000,9144,0,9144,0.21872265966754156,4.572,3.0,10000,1,0.9146083330000465,0.9146083330000465,,9.146083330000465e-05,100124
3,125,2.5,3.0,0.05,1.95,2.0,2000,8691,0,8691,0.23012311586698883,4.3455,3.0,10000,1,0.7834631670000363,0.7834631670000363,,7.834631670000362e-05,100125
3,126,2.9,3.0,0.05,1.95,2.0,2000,12603,0,12603,0.15869237483138934,6.3015,4.0,10000,1,0.941313750000063,0.941313750000063,,9.41313750000063e-05,100126
3,127,0.1,3.0,0.525,1.95,2.0,2000,388157,0,388157,0.005152554249955559,194.0785,134.0,10000,1,25.725472749999994,25.725472749999994,,0.0025725472749999994,100127
3,128,1.0,3.0,0.525,1.95,2.0,2000,352515,0,352515,0.005673517438974228,176.2575,125.0,10000,1,29.60031070900004,29.60031070900004,,0.0029600310709000043,100128
3,129,1.5,3.0,0.525,1.95,2.0,2000,345878,0,345878,0.005782385696690741,172.939,124.0,10000,1,51.777868291000004,51.777868291000004,,0.005177786829100001,100129
3,130,2.0,3.0,0.525,1.95,2.0,2000,9689,0,9689,0.20641965115078956,4.8445,3.0,10000,1,0.9088003339999204,0.9088003339999204,,9.088003339999204e-05,100130
3,131,2.5,3.0,0.525,1.95,2.0,2000,10235,0,10235,0.19540791402051783,5.1175,4.0,10000,1,0.863311834000001,0.863311834000001,,8.63311834000001e-05,100131
3,132,2.9,3.0,0.525,1.95,2.0,2000,14860,0,14860,0.13458950201884254,7.43,5.0,10000,1,1.0443478330000744,1.0443478330000744,,0.00010443478330000744,100132
3,133,0.1,3.0,1.0,1.95,2.0,2000,308800,0,308800,0.006476683937823834,154.4,106.0,10000,1,20.98085929199999,20.98085929199999,,0.002098085929199999,100133
3,134,1.0,3.0,1.0,1.95,2.0,2000,355743,0,355743,0.005622036132826226,177.8715,120.0,10000,1,28.538181957999996,28.538181957999996,,0.0028538181957999996,100134
3,135,1.5,3.0,1.0,1.95,2.0,2000,351620,0,351620,0.005687958591661452,175.81,123.5,10000,1,67.09685962500009,67.09685962500009,,0.006709685962500009,100135
3,136,2.0,3.0,1.0,1.95,2.0,2000,13187,0,13187,0.1516645180859938,6.5935,5.0,10000,1,1.2381937919999473,1.2381937919999473,,0.00012381937919999473,100136
3,137,2.5,3.0,1.0,1.95,2.0,2000,14269,0,14269,0.14016399187048847,7.1345,5.0,10000,1,1.1829763750000666,1.1829763750000666,,0.00011829763750000666,100137
3,138,2.9,3.0,1.0,1.95,2.0,2000,19890,0,19890,0.10055304172951232,9.945,7.0,10000,1,1.4707227080000393,1.4707227080000393,,0.00014707227080000394,100138
3,139,0.1,3.0,1.4749999999999999,1.95,2.0,2000,377616,0,377616,0.005296385746366679,188.808,130.0,10000,1,26.128230083000062,26.128230083000062,,0.0026128230083000063,100139
3,140,1.0,3.0,1.4749999999999999,1.95,2.0,2000,344745,0,344745,0.005801389432769148,172.3725,123.0,10000,1,28.558727625000074,28.558727625000074,,0.0028558727625000073,100140
3,141,1.5,3.0,1.4749999999999999,1.95,2.0,2000,353625,0,353625,0.005655708731000354,176.8125,121.0,10000,1,51.289335042000175,51.289335042000175,,0.005128933504200017,100141
3,142,2.0,3.0,1.4749999999999999,1.95,2.0,2000,28303,0,28303,0.070663887220436,14.1515,10.0,10000,1,2.367511375000049,2.367511375000049,,0.00023675113750000492,100142
3,143,2.5,3.0,1.4749999999999999,1.95,2.0,2000,28987,0,28987,0.06899644668299583,14.4935,10.0,10000,1,2.0194201250001242,2.0194201250001242,,0.00020194201250001243,100143
3,144,2.9,3.0,1.4749999999999999,1.95,2.0,2000,38708,0,38708,0.05166890565257828,19.354,13.5,10000,1,2.9783480000000964,2.9783480000000964,,0.0002978348000000096,100144
3,145,0.1,3.0,1.95,1.95,2.0,2000,503638,0,503638,0.003971106231062787,251.819,175.0,10000,1,35.855058540999835,35.855058540999835,,0.0035855058540999836,100145
3,146,1.0,3.0,1.95,1.95,2.0,2000,356229,0,356229,0.005614366039822698,178.1145,124.0,10000,1,27.965535749999844,27.965535749999844,,0.0027965535749999845,100146
3,147,1.5,3.0,1.95,1.95,2.0,2000,350774,0,350774,0.005701676863165457,175.387,123.0,10000,1,60.216662083000074,60.216662083000074,,0.006021666208300008,100147
3,148,2.0,3.0,1.95,1.95,2.0,2000,344355,0,344355,0.005807959808918122,172.1775,119.0,10000,1,28.156720791999987,28.156720791999987,,0.0028156720791999985,100148
3,149,2.5,3.0,1.95,1.95,2.0,2000,349328,0,349328,0.005725278248522878,174.664,120.0,10000,1,23.006610333000026,23.006610333000026,,0.002300661033300003,100149
3,150,2.9,3.0,1.95,1.95,2.0,2000,492281,0,492281,0.004062720275614944,246.1405,173.0,10000,1,36.234511957999985,36.234511957999985,,0.0036234511957999984,100150
4,1,0.1,3.0,0.0,0.05,2.0,2000,0,12763,12763,0.15670296952127244,6.3815,5.0,10000,1,1.0015038340000046,1.0015038340000046,,0.00010015038340000046,100001
4,2,1.0,3.0,0.0,0.05,2.0,2000,0,9032,9032,0.22143489813994685,4.516,3.0,10000,1,1.223830082999939,1.223830082999939,,0.00012238300829999388,100002
4,3,1.5,3.0,0.0,0.05,2.0,2000,0,8830,8830,0.22650056625141562,4.415,3.0,10000,1,1.153275542000074,1.153275542000074,,0.0001153275542000074,100003
4,4,2.0,3.0,0.0,0.05,2.0,2000,3896,0,3896,0.5133470225872689,1.948,1.0,10000,1,0.37296658300010677,0.37296658300010677,,3.729665830001068e-05,100004
4,5,2.5,3.0,0.0,0.05,2.0,2000,4126,0,4126,0.4847309743092584,2.063,2.0,10000,1,0.31490916600000673,0.31490916600000673,,3.149091660000067e-05,100005
4,6,2.9,3.0,0.0,0.05,2.0,2000,5627,0,5627,0.3554291807357384,2.8135,2.0,10000,1,0.4629059579999648,0.4629059579999648,,4.629059579999648e-05,100006
4,7,0.1,3.0,0.0,0.525,2.0,2000,0,14787,14787,0.13525393927098125,7.3935,5.0,10000,1,1.137851167000008,1.137851167000008,,0.0001137851167000008,100007
4,8,1.0,3.0,0.0,0.525,2.0,2000,0,9898,9898,0.2020610224287735,4.949,4.0,10000,1,1.282239249999975,1.282239249999975,,0.0001282239249999975,100008
4,9,1.5,3.0,0.0,0.525,2.0,2000,0,10220,10220,0.19569471624266144,5.11,4.0,10000,1,1.1968456249999235,1.1968456249999235,,0.00011968456249999235,100009
4,10,2.0,3.0,0.0,0.525,2.0,2000,4054,0,4054,0.493339911198816,2.027,2.0,10000,1,0.384494999999788,0.384494999999788,,3.8449499999978795e-05,100010
4,11,2.5,3.0,0.0,0.525,2.0,2000,3978,0,3978,0.5027652086475616,1.989,2.0,10000,1,0.34812462500008223,0.34812462500008223,,3.4812462500008226e-05,100011
4,12,2.9,3.0,0.0,0.525,2.0,2000,4454,0,4454,0.449034575662326,2.227,2.0,10000,1,0.34478949999993347,0.34478949999993347,,3.447894999999335e-05,100012
4,13,0.1,3.0,0.0,1.0,2.0,2000,0,20039,20039,0.09980537950995559,10.0195,7.0,10000,1,1.5961017919998994,1.5961017919998994,,0.00015961017919998994,100013
4,14,1.0,3.0,0.0,1.0,2.0,2000,0,13514,13514,0.1479946721918011,6.757,5.0,10000,1,1.7630401670000992,1.7630401670000992,,0.00017630401670000993,100014
4,15,1.5,3.0,0.0,1.0,2.0,2000,0,14245,14245,0.1404001404001404,7.1225,5.0,10000,1,1.5912914589998763,1.5912914589998763,,0.00015912914589998764,100015
4,16,2.0,3.0,0.0,1.0,2.0,2000,4091,0,4091,0.48887802493277926,2.0455,2.0,10000,1,0.3756766249998691,0.3756766249998691,,3.756766249998691e-05,100016
4,17,2.5,3.0,0.0,1.0,2.0,2000,4084,0,4084,0.48971596474045054,2.042,2.0,10000,1,0.3105103749999216,0.3105103749999216,,3.1051037499992164e-05,100017
4,18,2.9,3.0,0.0,1.0,2.0,2000,3434,0,3434,0.5824111822947,1.717,1.0,10000,1,0.28448595800000476,0.28448595800000476,,2.8448595800000474e-05,100018
4,19,0.1,3.0,0.0,1.4749999999999999,2.0,2000,0,39910,39910,0.05011275369581558,19.955,14.0,10000,1,3.1692223750001176,3.1692223750001176,,0.00031692223750001176,100019
4,20,1.0,3.0,0.0,1.4749999999999999,2.0,2000,0,27732,27732,0.07211885186787827,13.866,9.0,10000,1,3.22266466699989,3.22266466699989,,0.000322266466699989,100020
4,21,1.5,3.0,0.0,1.4749999999999999,2.0,2000,0,27993,27993,0.07144643303683064,13.9965,10.0,10000,1,3.217964916000028,3.217964916000028,,0.0003217964916000028,100021
4,22,2.0,3.0,0.0,1.4749999999999999,2.0,2000,3915,0,3915,0.5108556832694764,1.9575,1.0,10000,1,0.3755436250000912,0.3755436250000912,,3.755436250000912e-05,100022
4,23,2.5,3.0,0.0,1.4749999999999999,2.0,2000,4120,0,4120,0.4854368932038835,2.06,2.0,10000,1,0.34721333299989965,0.34721333299989965,,3.4721333299989965e-05,100023
4,24,2.9,3.0,0.0,1.4749999999999999,2.0,2000,4393,0,4393,0.45526974732529024,2.1965,2.0,10000,1,0.3386281250000138,0.3386281250000138,,3.3862812500001384e-05,100024
4,25,0.1,3.0,0.0,1.95,2.0,2000,0,505625,505625,0.003955500618046972,252.8125,174.0,10000,1,39.447267709000016,39.447267709000016,,0.003944726770900002,100025
4,26,1.0,3.0,0.0,1.95,2.0,2000,0,353003,353003,0.0056656742293974835,176.5015,126.0,10000,1,39.36045854200006,39.36045854200006,,0.003936045854200006,100026
4,27,1.5,3.0,0.0,1.95,2.0,2000,0,345216,345216,0.005793474230626622,172.608,121.0,10000,1,38.82660791700005,38.82660791700005,,0.0038826607917000046,100027
4,28,2.0,3.0,0.0,1.95,2.0,2000,3937,0,3937,0.508001016002032,1.9685,1.0,10000,1,0.3655612080001447,0.3655612080001447,,3.655612080001447e-05,100028
4,29,2.5,3.0,0.0,1.95,2.0,2000,4002,0,4002,0.49975012493753124,2.001,1.0,10000,1,0.3099944579998919,0.3099944579998919,,3.099944579998919e-05,100029
4,30,2.9,3.0,0.0,1.95,2.0,2000,5743,0,5743,0.34825004353125544,2.8715,2.0,10000,1,0.4560906660001365,0.4560906660001365,,4.560906660001365e-05,100030
5,1,0.1,3.0,0.05,2.0,2.0,2000,5683,0,5683,0.35192679922576103,2.8415,2.0,10000,1,0.45645504200001596,0.45645504200001596,,4.5645504200001595e-05,100001
5,2,1.0,3.0,0.05,2.0,2.0,2000,4010,0,4010,0.49875311720698257,2.005,1.0,10000,1,0.36661370799993165,0.36661370799993165,,3.666137079999317e-05,100002
5,3,1.5,3.0,0.05,2.0,2.0,2000,0,8845,8845,0.22611644997173544,4.4225,3.0,10000,1,1.1459567080000852,1.1459567080000852,,0.00011459567080000853,100003
5,4,2.0,3.0,0.05,2.0,2.0,2000,0,8553,8553,0.233836080907284,4.2765,3.0,10000,1,1.2262677079997957,1.2262677079997957,,0.00012262677079997956,100004
5,5,2.5,3.0,0.05,2.0,2.0,2000,0,9068,9068,0.22055580061755625,4.534,3.0,10000,1,0.8506257499998355,0.8506257499998355,,8.506257499998356e-05,100005
5,6,2.9,3.0,0.05,2.0,2.0,2000,0,12721,12721,0.15722034431255405,6.3605,5.0,10000,1,1.0340863750000153,1.0340863750000153,,0.00010340863750000153,100006
5,7,0.1,3.0,0.525,2.0,2.0,2000,4416,0,4416,0.4528985507246377,2.208,2.0,10000,1,0.3423979579999923,0.3423979579999923,,3.423979579999923e-05,100007
5,8,1.0,3.0,0.525,2.0,2.0,2000,3860,0,3860,0.5181347150259067,1.93,1.0,10000,1,0.38274204200001805,0.38274204200001805,,3.8274204200001804e-05,100008
5,9,1.5,3.0,0.525,2.0,2.0,2000,0,10220,10220,0.19569471624266144,5.11,4.0,10000,1,1.1557961249998243,1.1557961249998243,,0.00011557961249998243,100009
5,10,2.0,3.0,0.525,2.0,2.0,2000,0,9898,9898,0.2020610224287735,4.949,4.0,10000,1,1.2337687080000705,1.2337687080000705,,0.00012337687080000705,100010
5,11,2.5,3.0,0.525,2.0,2.0,2000,0,9964,9964,0.20072260136491368,4.982,4.0,10000,1,0.9039603749999969,0.9039603749999969,,9.03960374999997e-05,100011
5,12,2.9,3.0,0.525,2.0,2.0,2000,0,14096,14096,0.14188422247446084,7.048,5.0,10000,1,1.1443801670000084,1.1443801670000084,,0.00011443801670000084,100012
5,13,0.1,3.0,1.0,2.0,2.0,2000,3557,0,3557,0.562271577171774,1.7785,1.0,10000,1,0.28594474999999875,0.28594474999999875,,2.8594474999999875e-05,100013
5,14,1.0,3.0,1.0,2.0,2.0,2000,3953,0,3953,0.5059448520111308,1.9765,1.0,10000,1,0.3751178750001145,0.3751178750001145,,3.751178750001145e-05,100014
5,15,1.5,3.0,1.0,2.0,2.0,2000,0,14245,14245,0.1404001404001404,7.1225,5.0,10000,1,1.5989882909998414,1.5989882909998414,,0.00015989882909998415,100015
5,16,2.0,3.0,1.0,2.0,2.0,2000,0,14462,14462,0.13829345871940257,7.231,5.0,10000,1,1.6861412910000126,1.6861412910000126,,0.00016861412910000126,100016
5,17,2.5,3.0,1.0,2.0,2.0,2000,0,13672,13672,0.14628437682855472,6.836,5.0,10000,1,1.265377375000071,1.265377375000071,,0.0001265377375000071,100017
5,18,2.9,3.0,1.0,2.0,2.0,2000,0,20350,20350,0.09828009828009827,10.175,7.0,10000,1,1.6390371669999695,1.6390371669999695,,0.00016390371669999695,100018
5,19,0.1,3.0,1.4749999999999999,2.0,2.0,2000,4226,0,4226,0.47326076668244205,2.113,2.0,10000,1,0.35019120900005873,0.35019120900005873,,3.501912090000587e-05,100019
5,20,1.0,3.0,1.4749999999999999,2.0,2.0,2000,3996,0,3996,0.5005005005005005,1.998,1.0,10000,1,0.38578258300003654,0.38578258300003654,,3.8578258300003655e-05,100020
5,21,1.5,3.0,1.4749999999999999,2.0,2.0,2000,0,27917,27917,0.07164093563061934,13.9585,10.0,10000,1,3.2744974170000205,3.2744974170000205,,0.00032744974170000204,100021
5,22,2.0,3.0,1.4749999999999999,2.0,2.0,2000,0,28185,28185,0.07095973035302466,14.0925,10.0,10000,1,3.2470502500000293,3.2470502500000293,,0.00032470502500000294,100022
5,23,2.5,3.0,1.4749999999999999,2.0,2.0,2000,0,27676,27676,0.07226477814713109,13.838,9.5,10000,1,2.1656000000000404,2.1656000000000404,,0.00021656000000000404,100023
5,24,2.9,3.0,1.4749999999999999,2.0,2.0,2000,0,40212,40212,0.04973639709539441,20.106,14.0,10000,1,3.2713102499999422,3.2713102499999422,,0.00032713102499999424,100024
5,25,0.1,3.0,1.95,2.0,2.0,2000,5767,0,5767,0.3468007629616785,2.8835,2.0,10000,1,0.4676092500001232,0.4676092500001232,,4.676092500001232e-05,100025
5,26,1.0,3.0,1.95,2.0,2.0,2000,3934,0,3934,0.5083884087442806,1.967,2.0,10000,1,0.36791500000003907,0.36791500000003907,,3.6791500000003905e-05,100026
5,27,1.5,3.0,1.95,2.0,2.0,2000,0,345999,345999,0.005780363527062217,172.9995,121.0,10000,1,38.68334512499996,38.68334512499996,,0.003868334512499996,100027
5,28,2.0,3.0,1.95,2.0,2.0,2000,0,338033,338033,0.005916582108847361,169.0165,119.5,10000,1,39.10150908300011,39.10150908300011,,0.003910150908300011,100028
5,29,2.5,3.0,1.95,2.0,2.0,2000,0,333307,333307,0.006000474037448958,166.6535,118.5,10000,1,24.95581987499986,24.95581987499986,,0.002495581987499986,100029
5,30,2.9,3.0,1.95,2.0,2.0,2000,0,504539,504539,0.0039640146747823264,252.2695,171.0,10000,1,39.15994116600018,39.15994116600018,,0.003915994116600018,100030
6,1,0.1,3.0,0.0,2.0,2.0,2000,0,5507,5507,0.3631741420010895,2.7535,2.0,10000,1,0.4885602080000808,0.4885602080000808,,4.885602080000808e-05,100001
6,2,1.0,3.0,0.0,2.0,2.0,2000,0,4055,4055,0.4932182490752158,2.0275,1.0,10000,1,0.4852390830001241,0.4852390830001241,,4.852390830001241e-05,100002
6,3,1.5,3.0,0.0,2.0,2.0,2000,0,4043,4043,0.49468216670789017,2.0215,2.0,10000,1,0.47663137499989716,0.47663137499989716,,4.7663137499989714e-05,100003
6,4,2.0,3.0,0.0,2.0,2.0,2000,0,3906,3906,0.5120327700972862,1.953,2.0,10000,1,0.4864466250000987,0.4864466250000987,,4.864466250000987e-05,100004
6,5,2.5,3.0,0.0,2.0,2.0,2000,0,4100,4100,0.4878048780487805,2.05,2.0,10000,1,0.32228983300001346,0.32228983300001346,,3.222898330000134e-05,100005
6,6,2.9,3.0,0.0,2.0,2.0,2000,0,5825,5825,0.34334763948497854,2.9125,2.0,10000,1,0.4913697920001141,0.4913697920001141,,4.913697920001141e-05,100006
