algorithm,scenario_id,t,x,z,repetition,B_time,timing_seed,elapsed_sec
3,1,0.1,0.05,0.05,1,10000,200101,0.93244625
3,2,1.0,0.05,0.05,1,10000,200201,0.8983297080000001
3,3,1.5,0.05,0.05,1,10000,200301,1.685910417
3,4,2.0,0.05,0.05,1,10000,200401,0.9242054579999994
3,5,2.5,0.05,0.05,1,10000,200501,0.7930898750000006
3,6,2.9,0.05,0.05,1,10000,200601,0.9131649580000003
3,7,0.1,0.525,0.05,1,10000,200701,0.6694044999999988
3,8,1.0,0.525,0.05,1,10000,200801,0.9493251669999996
3,9,1.5,0.525,0.05,1,10000,200901,1.469651583000001
3,10,2.0,0.525,0.05,1,10000,201001,0.9016743749999989
3,11,2.5,0.525,0.05,1,10000,201101,0.8300700419999991
3,12,2.9,0.525,0.05,1,10000,201201,1.0454781670000006
3,13,0.1,1.0,0.05,1,10000,201301,0.5564318329999995
3,14,1.0,1.0,0.05,1,10000,201401,0.9529606249999993
3,15,1.5,1.0,0.05,1,10000,201501,1.8990670829999985
3,16,2.0,1.0,0.05,1,10000,201601,1.218556833000001
3,17,2.5,1.0,0.05,1,10000,201701,1.1130661669999995
3,18,2.9,1.0,0.05,1,10000,201801,1.4533204580000003
3,19,0.1,1.4749999999999999,0.05,1,10000,201901,0.6791878330000003
3,20,1.0,1.4749999999999999,0.05,1,10000,202001,0.9545570419999976
3,21,1.5,1.4749999999999999,0.05,1,10000,202101,1.4865672500000002
3,22,2.0,1.4749999999999999,0.05,1,10000,202201,2.321926042000001
3,23,2.5,1.4749999999999999,0.05,1,10000,202301,2.089065500000004
3,24,2.9,1.4749999999999999,0.05,1,10000,202401,2.8941270830000008
3,25,0.1,1.95,0.05,1,10000,202501,0.9310412499999998
3,26,1.0,1.95,0.05,1,10000,202601,0.9352370000000008
3,27,1.5,1.95,0.05,1,10000,202701,1.7240608749999993
3,28,2.0,1.95,0.05,1,10000,202801,28.194582458
3,29,2.5,1.95,0.05,1,10000,202901,24.41167945800001
3,30,2.9,1.95,0.05,1,10000,203001,36.06580187499999
3,31,0.1,0.05,0.525,1,10000,203101,1.0572616249999953
3,32,1.0,0.05,0.525,1,10000,203201,0.9033325409999975
3,33,1.5,0.05,0.525,1,10000,203301,1.7800336250000157
3,34,2.0,0.05,0.525,1,10000,203401,0.9414606659999833
3,35,2.5,0.05,0.525,1,10000,203501,0.875406125000012
3,36,2.9,0.05,0.525,1,10000,203601,0.6702382080000007
3,37,0.1,0.525,0.525,1,10000,203701,0.7502507089999995
3,38,1.0,0.525,0.525,1,10000,203801,0.9308313339999756
3,39,1.5,0.525,0.525,1,10000,203901,1.5201480419999882
3,40,2.0,0.525,0.525,1,10000,204001,0.9270210420000069
3,41,2.5,0.525,0.525,1,10000,204101,0.9272471249999796
3,42,2.9,0.525,0.525,1,10000,204201,0.7564754580000113
3,43,0.1,1.0,0.525,1,10000,204301,0.6106454999999755
3,44,1.0,1.0,0.525,1,10000,204401,0.9306609580000043
3,45,1.5,1.0,0.525,1,10000,204501,1.9503222920000098
3,46,2.0,1.0,0.525,1,10000,204601,1.265978084000011
3,47,2.5,1.0,0.525,1,10000,204701,1.2732826250000073
3,48,2.9,1.0,0.525,1,10000,204801,1.0596350419999965
3,49,0.1,1.4749999999999999,0.525,1,10000,204901,0.7537157499999978
3,50,1.0,1.4749999999999999,0.525,1,10000,205001,0.9543624169999987
3,51,1.5,1.4749999999999999,0.525,1,10000,205101,1.502604292000001
3,52,2.0,1.4749999999999999,0.525,1,10000,205201,2.381125750000024
3,53,2.5,1.4749999999999999,0.525,1,10000,205301,2.2998204999999814
3,54,2.9,1.4749999999999999,0.525,1,10000,205401,2.0870668749999766
3,55,0.1,1.95,0.525,1,10000,205501,1.0518158749999884
3,56,1.0,1.95,0.525,1,10000,205601,0.9098482079999997
3,57,1.5,1.95,0.525,1,10000,205701,1.7732287919999976
3,58,2.0,1.95,0.525,1,10000,205801,29.384369582999994
3,59,2.5,1.95,0.525,1,10000,205901,27.228095499999995
3,60,2.9,1.95,0.525,1,10000,206001,25.311172208000016
3,61,0.1,0.05,1.0,1,10000,206101,1.4577627909999933
3,62,1.0,0.05,1.0,1,10000,206201,1.222088499999984
3,63,1.5,0.05,1.0,1,10000,206301,2.48519675
3,64,2.0,0.05,1.0,1,10000,206401,0.9409876249999911
3,65,2.5,0.05,1.0,1,10000,206501,0.7980561249999596
3,66,2.9,0.05,1.0,1,10000,206601,0.5437506249999728
3,67,0.1,0.525,1.0,1,10000,206701,1.0476773750000348
3,68,1.0,0.525,1.0,1,10000,206801,1.2926448750000077
3,69,1.5,0.525,1.0,1,10000,206901,2.11986399999995
3,70,2.0,0.525,1.0,1,10000,207001,0.9306877079999936
3,71,2.5,0.525,1.0,1,10000,207101,0.8553577910000172
3,72,2.9,0.525,1.0,1,10000,207201,0.6077473340000097
3,73,0.1,1.0,1.0,1,10000,207301,0.862138458000004
3,74,1.0,1.0,1.0,1,10000,207401,1.272171042000025
3,75,1.5,1.0,1.0,1,10000,207501,2.7463306249999846
3,76,2.0,1.0,1.0,1,10000,207601,1.2563511660000017
3,77,2.5,1.0,1.0,1,10000,207701,1.2007901659999902
3,78,2.9,1.0,1.0,1,10000,207801,0.8427837500000237
3,79,0.1,1.4749999999999999,1.0,1,10000,207901,1.0641826670000114
3,80,1.0,1.4749999999999999,1.0,1,10000,208001,1.2636404579999976
3,81,1.5,1.4749999999999999,1.0,1,10000,208101,2.1149843329999953
3,82,2.0,1.4749999999999999,1.0,1,10000,208201,2.40758787499999
3,83,2.5,1.4749999999999999,1.0,1,10000,208301,2.0401446660000033
3,84,2.9,1.4749999999999999,1.0,1,10000,208401,1.7177433329999872
3,85,0.1,1.95,1.0,1,10000,208501,1.4656177499999785
3,86,1.0,1.95,1.0,1,10000,208601,1.2537914590000128
3,87,1.5,1.95,1.0,1,10000,208701,2.483162708000009
3,88,2.0,1.95,1.0,1,10000,208801,29.422147249999966
3,89,2.5,1.95,1.0,1,10000,208901,23.896614708000016
3,90,2.9,1.95,1.0,1,10000,209001,21.040456833999997
3,91,0.1,0.05,1.4749999999999999,1,10000,209101,2.9344434170000113
3,92,1.0,0.05,1.4749999999999999,1,10000,209201,2.276135207999971
3,93,1.5,0.05,1.4749999999999999,1,10000,209301,4.869352124999978
3,94,2.0,0.05,1.4749999999999999,1,10000,209401,0.9448345000000131
3,95,2.5,0.05,1.4749999999999999,1,10000,209501,0.8727933749999579
3,96,2.9,0.05,1.4749999999999999,1,10000,209601,0.6718354579999755
3,97,0.1,0.525,1.4749999999999999,1,10000,209701,2.1265463749999753
3,98,1.0,0.525,1.4749999999999999,1,10000,209801,2.3395971250000116
3,99,1.5,0.525,1.4749999999999999,1,10000,209901,4.160496500000022
3,100,2.0,0.525,1.4749999999999999,1,10000,210001,0.926535916999967
3,101,2.5,0.525,1.4749999999999999,1,10000,210101,0.9535987919999798
3,102,2.9,0.525,1.4749999999999999,1,10000,210201,0.7552908340000499
3,103,0.1,1.0,1.4749999999999999,1,10000,210301,1.7290522090000309
3,104,1.0,1.0,1.4749999999999999,1,10000,210401,2.3715653749999888
3,105,1.5,1.0,1.4749999999999999,1,10000,210501,5.4904757080000195
3,106,2.0,1.0,1.4749999999999999,1,10000,210601,1.2917613750000214
3,107,2.5,1.0,1.4749999999999999,1,10000,210701,1.3222475420000137
3,108,2.9,1.0,1.4749999999999999,1,10000,210801,1.0635748330000183
3,109,0.1,1.4749999999999999,1.4749999999999999,1,10000,210901,2.1048507499999687
3,110,1.0,1.4749999999999999,1.4749999999999999,1,10000,211001,2.35218825000004
3,111,1.5,1.4749999999999999,1.4749999999999999,1,10000,211101,4.172587041999975
3,112,2.0,1.4749999999999999,1.4749999999999999,1,10000,211201,2.4353747079999835
3,113,2.5,1.4749999999999999,1.4749999999999999,1,10000,211301,2.304396708000013
3,114,2.9,1.4749999999999999,1.4749999999999999,1,10000,211401,2.159120625000014
3,115,0.1,1.95,1.4749999999999999,1,10000,211501,2.8881858330000227
3,116,1.0,1.95,1.4749999999999999,1,10000,211601,2.265438458999995
3,117,1.5,1.95,1.4749999999999999,1,10000,211701,4.835621625000044
3,118,2.0,1.95,1.4749999999999999,1,10000,211801,28.654906666999977
3,119,2.5,1.95,1.4749999999999999,1,10000,211901,26.328968416000066
3,120,2.9,1.95,1.4749999999999999,1,10000,212001,25.42256025000006
3,121,0.1,0.05,1.95,1,10000,212101,36.42380283300008
3,122,1.0,0.05,1.95,1,10000,212201,27.88772054200001
3,123,1.5,0.05,1.95,1,10000,212301,59.95417425000005
3,124,2.0,0.05,1.95,1,10000,212401,0.9146083330000465
3,125,2.5,0.05,1.95,1,10000,212501,0.7834631670000363
3,126,2.9,0.05,1.95,1,10000,212601,0.941313750000063
3,127,0.1,0.525,1.95,1,10000,212701,25.725472749999994
3,128,1.0,0.525,1.95,1,10000,212801,29.60031070900004
3,129,1.5,0.525,1.95,1,10000,212901,51.777868291000004
3,130,2.0,0.525,1.95,1,10000,213001,0.9088003339999204
3,131,2.5,0.525,1.95,1,10000,213101,0.863311834000001
3,132,2.9,0.525,1.95,1,10000,213201,1.0443478330000744
3,133,0.1,1.0,1.95,1,10000,213301,20.98085929199999
3,134,1.0,1.0,1.95,1,10000,213401,28.538181957999996
3,135,1.5,1.0,1.95,1,10000,213501,67.09685962500009
3,136,2.0,1.0,1.95,1,10000,213601,1.2381937919999473
3,137,2.5,1.0,1.95,1,10000,213701,1.1829763750000666
3,138,2.9,1.0,1.95,1,10000,213801,1.4707227080000393
3,139,0.1,1.4749999999999999,1.95,1,10000,213901,26.128230083000062
3,140,1.0,1.4749999999999999,1.95,1,10000,214001,28.558727625000074
3,141,1.5,1.4749999999999999,1.95,1,10000,214101,51.289335042000175
3,142,2.0,1.4749999999999999,1.95,1,10000,214201,2.367511375000049
3,143,2.5,1.4749999999999999,1.95,1,10000,214301,2.0194201250001242
3,144,2.9,1.4749999999999999,1.95,1,10000,214401,2.9783480000000964
3,145,0.1,1.95,1.95,1,10000,214501,35.855058540999835
3,146,1.0,1.95,1.95,1,10000,214601,27.965535749999844
3,147,1.5,1.95,1.95,1,10000,214701,60.216662083000074
3,148,2.0,1.95,1.95,1,10000,214801,28.156720791999987
3,149,2.5,1.95,1.95,1,10000,214901,23.006610333000026
3,150,2.9,1.95,1.95,1,10000,215001,36.234511957999985
4,1,0.1,0.0,0.05,1,10000,200101,1.0015038340000046
4,2,1.0,0.0,0.05,1,10000,200201,1.223830082999939
4,3,1.5,0.0,0.05,1,10000,200301,1.153275542000074
4,4,2.0,0.0,0.05,1,10000,200401,0.37296658300010677
4,5,2.5,0.0,0.05,1,10000,200501,0.31490916600000673
4,6,2.9,0.0,0.05,1,10000,200601,0.4629059579999648
4,7,0.1,0.0,0.525,1,10000,200701,1.137851167000008
4,8,1.0,0.0,0.525,1,10000,200801,1.282239249999975
4,9,1.5,0.0,0.525,1,10000,200901,1.1968456249999235
4,10,2.0,0.0,0.525,1,10000,201001,0.384494999999788
4,11,2.5,0.0,0.525,1,10000,201101,0.34812462500008223
4,12,2.9,0.0,0.525,1,10000,201201,0.34478949999993347
4,13,0.1,0.0,1.0,1,10000,201301,1.5961017919998994
4,14,1.0,0.0,1.0,1,10000,201401,1.7630401670000992
4,15,1.5,0.0,1.0,1,10000,201501,1.5912914589998763
4,16,2.0,0.0,1.0,1,10000,201601,0.3756766249998691
4,17,2.5,0.0,1.0,1,10000,201701,0.3105103749999216
4,18,2.9,0.0,1.0,1,10000,201801,0.28448595800000476
4,19,0.1,0.0,1.4749999999999999,1,10000,201901,3.1692223750001176
4,20,1.0,0.0,1.4749999999999999,1,10000,202001,3.22266466699989
4,21,1.5,0.0,1.4749999999999999,1,10000,202101,3.217964916000028
4,22,2.0,0.0,1.4749999999999999,1,10000,202201,0.3755436250000912
4,23,2.5,0.0,1.4749999999999999,1,10000,202301,0.34721333299989965
4,24,2.9,0.0,1.4749999999999999,1,10000,202401,0.3386281250000138
4,25,0.1,0.0,1.95,1,10000,202501,39.447267709000016
4,26,1.0,0.0,1.95,1,10000,202601,39.36045854200006
4,27,1.5,0.0,1.95,1,10000,202701,38.82660791700005
4,28,2.0,0.0,1.95,1,10000,202801,0.3655612080001447
4,29,2.5,0.0,1.95,1,10000,202901,0.3099944579998919
4,30,2.9,0.0,1.95,1,10000,203001,0.4560906660001365
5,1,0.1,0.05,2.0,1,10000,200101,0.45645504200001596
5,2,1.0,0.05,2.0,1,10000,200201,0.36661370799993165
5,3,1.5,0.05,2.0,1,10000,200301,1.1459567080000852
5,4,2.0,0.05,2.0,1,10000,200401,1.2262677079997957
5,5,2.5,0.05,2.0,1,10000,200501,0.8506257499998355
5,6,2.9,0.05,2.0,1,10000,200601,1.0340863750000153
5,7,0.1,0.525,2.0,1,10000,200701,0.3423979579999923
5,8,1.0,0.525,2.0,1,10000,200801,0.38274204200001805
5,9,1.5,0.525,2.0,1,10000,200901,1.1557961249998243
5,10,2.0,0.525,2.0,1,10000,201001,1.2337687080000705
5,11,2.5,0.525,2.0,1,10000,201101,0.9039603749999969
5,12,2.9,0.525,2.0,1,10000,201201,1.1443801670000084
5,13,0.1,1.0,2.0,1,10000,201301,0.28594474999999875
5,14,1.0,1.0,2.0,1,10000,201401,0.3751178750001145
5,15,1.5,1.0,2.0,1,10000,201501,1.5989882909998414
5,16,2.0,1.0,2.0,1,10000,201601,1.6861412910000126
5,17,2.5,1.0,2.0,1,10000,201701,1.265377375000071
5,18,2.9,1.0,2.0,1,10000,201801,1.6390371669999695
5,19,0.1,1.4749999999999999,2.0,1,10000,201901,0.35019120900005873
5,20,1.0,1.4749999999999999,2.0,1,10000,202001,0.38578258300003654
5,21,1.5,1.4749999999999999,2.0,1,10000,202101,3.2744974170000205
5,22,2.0,1.4749999999999999,2.0,1,10000,202201,3.2470502500000293
5,23,2.5,1.4749999999999999,2.0,1,10000,202301,2.1656000000000404
5,24,2.9,1.4749999999999999,2.0,1,10000,202401,3.2713102499999422
5,25,0.1,1.95,2.0,1,10000,202501,0.4676092500001232
5,26,1.0,1.95,2.0,1,10000,202601,0.36791500000003907
5,27,1.5,1.95,2.0,1,10000,202701,38.68334512499996
5,28,2.0,1.95,2.0,1,10000,202801,39.10150908300011
5,29,2.5,1.95,2.0,1,10000,202901,24.95581987499986
5,30,2.9,1.95,2.0,1,10000,203001,39.15994116600018
6,1,0.1,0.0,2.0,1,10000,200101,0.4885602080000808
6,2,1.0,0.0,2.0,1,10000,200201,0.4852390830001241
6,3,1.5,0.0,2.0,1,10000,200301,0.47663137499989716
6,4,2.0,0.0,2.0,1,10000,200401,0.4864466250000987
6,5,2.5,0.0,2.0,1,10000,200501,0.32228983300001346
6,6,2.9,0.0,2.0,1,10000,200601,0.4913697920001141
