path,time,value
1,0.0,0.1
1,0.01,0.20008372295349922
1,0.02,0.40021928965352116
1,0.03,0.43684765357326405
1,0.04,0.23898981493378468
1,0.05,0.11704826666807976
1,0.06,0.2923210730041738
1,0.07,0.1996749227161083
1,0.08,0.35533308920875334
1,0.09,0.3742018958613661
1,0.1,0.4053085035969029
1,0.11,0.35605091369753045
1,0.12,0.29856873390414385
1,0.13,0.31731393212960274
1,0.14,0.41917793551766425
1,0.15,0.4217051990351772
1,0.16,0.4587132767259821
1,0.17,0.521470302233952
1,0.18,0.4247772064864232
1,0.19,0.5420570645058715
1,0.2,0.5050353686671926
1,0.21,0.5963202113739091
1,0.22,0.681739866177635
1,0.23,0.7045383424341554
1,0.24,0.7442788909186494
1,0.25,0.6022584065801252
1,0.26,0.6223350518483536
1,0.27,0.5389921932308276
1,0.28,0.42136328787849014
1,0.29,0.3186300155060111
1,0.3,0.2175714461721992
1,0.31,0.2792883818020855
1,0.32,0.24132179875729895
1,0.33,0.3215196827829171
1,0.34,0.5543344534343334
1,0.35,0.4150032224102881
1,0.36,0.41820566923961283
1,0.37,0.454160261225127
1,0.38,0.450973857077232
1,0.39,0.6294204453124064
1,0.4,0.6760804696816965
1,0.41,0.6193419441683379
1,0.42,0.5811757692957797
1,0.43,0.6087717431070873
1,0.44,0.7059203257740517
1,0.45,0.6775021072310573
1,0.46,0.7720041642057728
1,0.47,0.7024120451664466
1,0.48,0.6602001775351045
1,0.49,0.6575638484402324
1,0.5,0.6423701092961595
1,0.51,0.5866527148348772
1,0.52,0.4430924715975669
1,0.53,0.5460765745920784
1,0.54,0.69747382418158
1,0.55,0.7075813286563993
1,0.56,0.6788887656364522
1,0.57,0.8031885430398862
1,0.58,0.7842689926124803
1,0.59,0.8410354523116479
1,0.6,0.8279579220489973
1,0.61,0.7852477758147921
1,0.62,0.8130535309750114
1,0.63,0.7939739834679111
1,0.64,0.9279957295275836
1,0.65,0.9902680928077795
1,0.66,1.007111771838006
1,0.67,1.1819843337787526
1,0.68,1.187480702968873
1,0.69,1.1793962938087152
1,0.7,1.309287748944624
1,0.71,1.0119747049793166
1,0.72,0.9744563073388826
1,0.73,0.7160825096233973
1,0.74,0.6981746989838594
1,0.75,0.6630101417009757
1,0.76,0.5528155603801143
1,0.77,0.45893619809977326
1,0.78,0.5264279516899664
1,0.79,0.6006138987984486
1,0.8,0.6518627451699278
1,0.81,0.7473547285110863
1,0.82,0.7782657607142002
1,0.83,0.8371316258076633
1,0.84,0.9993540679142521
1,0.85,0.9996385676343177
1,0.86,0.9597509936596175
1,0.87,1.0066546480529655
1,0.88,0.9666956529412556
1,0.89,0.8564346633699085
1,0.9,0.619753987267284
1,0.91,0.5534295010808882
1,0.92,0.6734261602841319
1,0.93,0.6691776228299946
1,0.94,0.7764528473756962
1,0.95,1.0164495854592517
1,0.96,0.9700485695392094
1,0.97,0.9850037696389026
1,0.98,0.91031063028764
1,0.99,0.8473033040332109
1,1.0,0.8328797024722822
1,1.01,0.6200383050926085
1,1.02,0.6256516840092322
1,1.03,0.5597669047585264
1,1.04,0.6681800580553374
1,1.05,0.7500914888119957
1,1.06,0.8368051901951683
1,1.07,0.9671459444601556
1,1.08,1.10235412102389
1,1.09,1.2158720602642976
1,1.1,0.9489918151590564
1,1.11,1.0398798871007362
1,1.12,1.0055375418230206
1,1.13,1.034615115889026
1,1.14,0.9914226051426827
1,1.15,0.9311189416474416
1,1.16,0.8375598248379108
1,1.17,0.8841605368597449
1,1.18,0.9392113199347519
1,1.19,0.702943911224334
1,1.2,0.827439594633932
1,1.21,0.9677402335550631
1,1.22,0.9754157337118733
1,1.23,0.9143952873376766
1,1.24,1.0130927047131921
1,1.25,1.061250597654206
1,1.26,1.158330080916056
1,1.27,1.2161987131749727
1,1.28,1.2258007745100787
1,1.29,1.4078090763835753
1,1.3,1.4144060290765763
1,1.31,1.5890767383925917
1,1.32,1.6154623563361517
1,1.33,1.6668996100648246
1,1.34,1.6448091129536517
1,1.35,1.7736665940105196
1,1.36,1.8241297098648006
1,1.37,1.8232509040014284
1,1.38,1.6619468652658886
1,1.39,1.5383655421543718
1,1.4,1.4885496811802237
1,1.41,1.548773257775759
1,1.42,1.542269265522162
1,1.43,1.4630974797627379
1,1.44,1.5472562210316876
1,1.45,1.4621776553899113
1,1.46,1.3498510956396723
1,1.47,1.3491615437237336
1,1.48,1.4445781814248555
1,1.49,1.4964420247653965
1,1.5,1.553871699744453
1,1.51,1.330342856324661
1,1.52,1.2899213947839518
1,1.53,1.4145479767924287
1,1.54,1.4617119572467918
1,1.55,1.5437022702650756
1,1.56,1.53106088814005
1,1.57,1.5849335111145795
1,1.58,1.5627735294014926
1,1.59,1.5916021339952746
1,1.6,1.6743132841268795
1,1.61,1.8786936786713466
1,1.62,1.736975301857306
1,1.63,1.7857044465369663
1,1.64,1.732739744860257
1,1.65,1.7566183361984173
1,1.66,1.7325805108332557
1,1.67,1.916151795355623
1,1.68,1.748047475086024
1,1.69,1.5962572443951817
1,1.7,1.5530414412667322
1,1.71,1.5857923471884434
1,1.72,1.3984694947576042
1,1.73,1.4540166174289406
1,1.74,1.3869013036209816
1,1.75,1.448304307680607
1,1.76,1.4051353372060147
1,1.77,1.460599651414825
1,1.78,1.5277542034462415
1,1.79,1.585313115145495
1,1.8,1.5663544577265027
1,1.81,1.6142930948316567
1,1.82,1.6592832381832585
1,1.83,1.571340884577099
1,1.84,1.7370271230537166
1,1.85,1.765700800966245
1,1.86,1.6358266669485573
1,1.87,1.78696275093506
1,1.88,1.6344052759070822
1,1.89,1.4528316655703053
1,1.9,1.431974118765013
1,1.91,1.3111084814628304
1,1.92,1.4352191817627376
1,1.93,1.495213716362414
1,1.94,1.33175886823298
1,1.95,1.4765594403037356
1,1.96,1.557308799401016
1,1.97,1.4329284956079729
1,1.98,1.4324980207329636
1,1.99,1.4167533204390899
1,2.0,1.3604805162122424
1,2.01,1.3791045063635554
1,2.02,1.4074822847893578
1,2.03,1.4178701703002234
1,2.04,1.246128133975812
1,2.05,1.2627505855822085
1,2.06,1.2101436992503432
1,2.07,1.1453750622331986
1,2.08,1.061435814779328
1,2.09,0.9432008347134211
1,2.1,0.903694334093449
1,2.11,0.9104323270277137
1,2.12,0.9390805713258136
1,2.13,0.8822081058159941
1,2.14,0.9606115188477146
1,2.15,0.8523360222323679
1,2.16,0.7482583111412426
1,2.17,0.8256429556352057
1,2.18,0.8616680350319482
1,2.19,0.8272070243913521
1,2.2,0.849884828654342
1,2.21,0.7703094253956755
1,2.22,0.7944161356718764
1,2.23,1.0240816503633114
1,2.24,0.8454805252351405
1,2.25,1.0024702110264205
1,2.26,0.914900641753239
1,2.27,0.8473924291267804
1,2.28,0.9752277369982475
1,2.29,1.0290847459365204
1,2.3,1.048337659539161
1,2.31,1.085577040291021
1,2.32,0.9651529778603067
1,2.33,1.0142747974762123
1,2.34,1.0026929381738752
1,2.35,1.2004922121724242
1,2.36,0.9775860848120685
1,2.37,1.0247120201093598
1,2.38,1.0387529166406075
1,2.39,0.9824103694143296
1,2.4,0.9551315607317937
1,2.41,0.750558610829328
1,2.42,0.8191498937655165
1,2.43,0.8212501029984713
1,2.44,0.91425585804879
1,2.45,0.9009737459957665
1,2.46,0.8737352681175498
1,2.47,1.0270217471733865
1,2.48,0.967787747735166
1,2.49,0.9947819602904442
1,2.5,1.1531203870732498
1,2.51,1.1100064709606472
1,2.52,1.323084339939797
1,2.53,1.24449453920626
1,2.54,1.4101100027601094
1,2.55,1.5650839033533905
1,2.56,1.5375521294444559
1,2.57,1.6783322094258226
1,2.58,1.818243836335338
1,2.59,1.6334718333421647
1,2.6,1.7353796420545948
1,2.61,1.7132105351472195
1,2.62,1.533265758648605
1,2.63,1.3992766685351894
1,2.64,1.401895295162745
1,2.65,1.5631656748128449
1,2.66,1.6560070722638296
1,2.67,1.7175913158259681
1,2.68,1.6704234206613089
1,2.69,1.6996878599973058
1,2.7,1.6023835048087993
1,2.71,1.5841320325995147
1,2.72,1.5290400218350169
1,2.73,1.5353266879538559
1,2.74,1.5578877569547094
1,2.75,1.503866404762535
1,2.76,1.566295651904562
1,2.77,1.6689344747070716
1,2.78,1.579836906335323
1,2.79,1.633675026326563
1,2.8,1.788705579650466
1,2.81,1.8574394802054028
1,2.82,1.614025209413709
1,2.83,1.4486189071095739
1,2.84,1.5270327593298738
1,2.85,1.530468391756576
1,2.86,1.745425014125281
1,2.87,1.7063850236797615
1,2.88,1.6079671126047854
1,2.89,1.4631521435832306
1,2.9,1.5383286243252086
1,2.91,1.5546318462723774
1,2.92,1.4585241083708427
1,2.93,1.5281590312186397
1,2.94,1.6170900416520408
1,2.95,1.7424314986565108
1,2.96,1.7477999756911706
1,2.97,1.6278402482721521
1,2.98,1.721500187223789
1,2.99,1.817472264770941
1,3.0,1.8
2,0.0,0.1
2,0.01,0.08030411760501127
2,0.02,0.2261089531982622
2,0.03,0.2957088190758974
2,0.04,0.28943936238149953
2,0.05,0.19161680622950572
2,0.06,0.3529363776790055
2,0.07,0.3328093752317122
2,0.08,0.16631068412234482
2,0.09,0.20205971161326125
2,0.1,0.2904530738076462
2,0.11,0.33087265864441295
2,0.12,0.20936571902226703
2,0.13,0.25445080246673546
2,0.14,0.2681574636477567
2,0.15,0.307119045696349
2,0.16,0.4258524484402362
2,0.17,0.483798527271987
2,0.18,0.6217869153234205
2,0.19,0.7538936981787039
2,0.2,0.8378506458501507
2,0.21,0.9449354027056168
2,0.22,0.9048134018800831
2,0.23,1.1047742971208987
2,0.24,1.0350933999688625
2,0.25,1.0763616367710775
2,0.26,1.2915401755106108
2,0.27,1.1908962844268425
2,0.28,1.3565052224244663
2,0.29,1.3327724349207122
2,0.3,1.3059510745180625
2,0.31,1.322470082822616
2,0.32,1.26771466389726
2,0.33,1.2255385002316728
2,0.34,1.3287757102760374
2,0.35,1.3058732294930766
2,0.36,1.2414032042927485
2,0.37,0.9850882774328762
2,0.38,0.8870221682772278
2,0.39,0.9290665378814592
2,0.4,1.0254318963715825
2,0.41,0.9343306562565603
2,0.42,1.0524715445671335
2,0.43,1.0142221467805994
2,0.44,1.022376990759858
2,0.45,1.0555132410380825
2,0.46,1.0322902980155924
2,0.47,1.1208146083003065
2,0.48,1.1486651508343193
2,0.49,1.250933925610502
2,0.5,1.2681998139856179
2,0.51,1.1621178373251309
2,0.52,1.202403318355262
2,0.53,1.2050015304613404
2,0.54,1.2306621136563427
2,0.55,0.8719627915139738
2,0.56,0.877794654871434
2,0.57,1.0287385694854574
2,0.58,1.0663933561766894
2,0.59,1.2526151352820876
2,0.6,1.3162139262202355
2,0.61,1.3146502124800392
2,0.62,1.2618948391277869
2,0.63,1.2065338754810802
2,0.64,1.2427082880583753
2,0.65,1.2041227534792194
2,0.66,1.1111320764745112
2,0.67,1.070889052388174
2,0.68,0.9871227688860018
2,0.69,0.9988425840491133
2,0.7,1.1753188116870965
2,0.71,1.0900913026888412
2,0.72,1.0701923638893935
2,0.73,1.1687914487227142
2,0.74,1.1869233676925146
2,0.75,1.3695231784836976
2,0.76,1.5365379825888101
2,0.77,1.5061506128999609
2,0.78,1.5247927902302063
2,0.79,1.5588081741737878
2,0.8,1.549574819727782
2,0.81,1.6353063426228438
2,0.82,1.719378389951988
2,0.83,1.7582799023446913
2,0.84,1.717592172137733
2,0.85,1.8601590135729538
2,0.86,1.8207953333770754
2,0.87,1.7870815104778162
2,0.88,1.7431121464687827
2,0.89,1.7561711739351769
2,0.9,1.7764318412996924
2,0.91,1.6562786499271067
2,0.92,1.7316518647836794
2,0.93,1.8044221336709034
2,0.94,1.6145948183465064
2,0.95,1.7430917424542007
2,0.96,1.73763089345546
2,0.97,1.819209021523824
2,0.98,1.8597771280470323
2,0.99,1.7418848078643943
2,1.0,1.5971282606838402
2,1.01,1.5346731316165303
2,1.02,1.4583437418271243
2,1.03,1.4928178073195046
2,1.04,1.5776171464714281
2,1.05,1.4883966815279548
2,1.06,1.4562758142243912
2,1.07,1.3586831871548117
2,1.08,1.3872443758947477
2,1.09,1.5176102897506987
2,1.1,1.595625809250834
2,1.11,1.5719488442782357
2,1.12,1.564756000659351
2,1.13,1.7529722595934467
2,1.14,1.7182873862345756
2,1.15,1.5904946541814136
2,1.16,1.6153700865031577
2,1.17,1.6200581604504853
2,1.18,1.560501507877838
2,1.19,1.5864617653275248
2,1.2,1.5786078988244252
2,1.21,1.6007535078181756
2,1.22,1.6025895094474565
2,1.23,1.626070465805482
2,1.24,1.5738131709203327
2,1.25,1.4828401592482252
2,1.26,1.3902212641136038
2,1.27,1.3272701385758654
2,1.28,1.247556461002537
2,1.29,1.1700923060389177
2,1.3,1.0731246639632464
2,1.31,0.9785575738888823
2,1.32,1.1173474390252962
2,1.33,1.044007395736591
2,1.34,1.2336000469643669
2,1.35,1.1055293965339974
2,1.36,1.100044041354894
2,1.37,1.1310720660335383
2,1.38,1.0830188214081429
2,1.39,1.232724662372464
2,1.4,1.0884887593500927
2,1.41,1.0327903545622794
2,1.42,1.1096211992990819
2,1.43,1.1199335023102819
2,1.44,1.173647073430463
2,1.45,1.1456830049252082
2,1.46,1.1377155908951182
2,1.47,1.0412739692335848
2,1.48,1.0632134823759434
2,1.49,1.2977955787655837
2,1.5,1.3015860058171633
2,1.51,1.206216166340234
2,1.52,1.226045017474958
2,1.53,1.3382197998883396
2,1.54,1.2466373062148375
2,1.55,1.1613901775601103
2,1.56,1.2606436681758757
2,1.57,1.2458774185314396
2,1.58,1.2724589727584688
2,1.59,1.2143650134795259
2,1.6,1.2255294891380388
2,1.61,1.1060073492738578
2,1.62,1.043725671785615
2,1.63,0.9719319824356132
2,1.64,1.0192348330553018
2,1.65,0.9916058480559258
2,1.66,1.0937799623015803
2,1.67,1.113413319782647
2,1.68,0.9815462812766758
2,1.69,1.0086514389989598
2,1.7,1.1537262722141883
2,1.71,1.1850385628406728
2,1.72,1.109865094566969
2,1.73,1.09649169670248
2,1.74,1.0918693300417268
2,1.75,1.1963803065849872
2,1.76,1.1256932488744988
2,1.77,0.97139912694163
2,1.78,0.992158326214073
2,1.79,1.007801435634342
2,1.8,1.0178827556201795
2,1.81,1.2106838034406877
2,1.82,1.1024840409882501
2,1.83,1.1690048863637137
2,1.84,1.1321339606770424
2,1.85,0.9576445486469729
2,1.86,0.9335065176838128
2,1.87,0.8156447491156694
2,1.88,0.7204799456407698
2,1.89,0.7160778109903423
2,1.9,0.7113026580329394
2,1.91,0.7267530869377815
2,1.92,0.7667919372620597
2,1.93,0.7783646617716891
2,1.94,0.8294428217023301
2,1.95,0.8841983502065985
2,1.96,0.8708052111088324
2,1.97,0.956319667152388
2,1.98,0.9427745010021258
2,1.99,1.0850968201141458
2,2.0,0.9595985292809857
2,2.01,0.9498843419660299
2,2.02,0.9762386427217451
2,2.03,1.0609599432415475
2,2.04,1.0136316059150934
2,2.05,1.1136208479906018
2,2.06,1.1865318325892602
2,2.07,1.2673419576791738
2,2.08,1.3743787186328533
2,2.09,1.3494480926899284
2,2.1,1.3429876886829746
2,2.11,1.2646619550287101
2,2.12,1.2630915278623887
2,2.13,1.337008250103867
2,2.14,1.3224514813781387
2,2.15,1.4259867217711841
2,2.16,1.3870973737289694
2,2.17,1.3343715584294835
2,2.18,1.373143788592147
2,2.19,1.3451262263978738
2,2.2,1.2655410465396884
2,2.21,1.3461699449628428
2,2.22,1.3230654503770323
2,2.23,1.3437287028198341
2,2.24,1.3698035491132612
2,2.25,1.2615303657633377
2,2.26,1.1826082555528694
2,2.27,1.1610572065412255
2,2.28,1.2651600650251398
2,2.29,1.3012521556772754
2,2.3,1.2983922048497556
2,2.31,1.1789528387024855
2,2.32,1.204970443860765
2,2.33,1.2634409517378788
2,2.34,1.154201252335656
2,2.35,1.2946776870148446
2,2.36,1.3347227813797686
2,2.37,1.4545492503437574
2,2.38,1.3778468968089461
2,2.39,1.2671942582202909
2,2.4,1.2328119203891879
2,2.41,1.1591649147808383
2,2.42,1.0170379964586418
2,2.43,1.087111534019824
2,2.44,1.0827789360360982
2,2.45,1.0167866317153598
2,2.46,1.1173477622153836
2,2.47,1.0455032479496147
2,2.48,1.04061827076259
2,2.49,1.176034921237238
2,2.5,1.2645565145647786
2,2.51,1.3756124000788592
2,2.52,1.4625031394896943
2,2.53,1.4728042919388127
2,2.54,1.4433764746099411
2,2.55,1.306396978205097
2,2.56,1.2887086890935517
2,2.57,1.3165069267328249
2,2.58,1.3500935070464624
2,2.59,1.3981141089062543
2,2.6,1.4711117278800663
2,2.61,1.510827159208037
2,2.62,1.5314511609696853
2,2.63,1.4161983867221148
2,2.64,1.4326044516512775
2,2.65,1.350445337326755
2,2.66,1.291058499497939
2,2.67,1.2865395940551128
2,2.68,1.2304209998441897
2,2.69,1.205942975419985
2,2.7,1.1032022288900414
2,2.71,1.0091944943504825
2,2.72,1.1248714362896837
2,2.73,1.093978621718359
2,2.74,1.020617347861772
2,2.75,0.9475339775884017
2,2.76,0.9025242626324909
2,2.77,0.9054055416994439
2,2.78,0.9765752168572359
2,2.79,1.086561243631474
2,2.8,1.040554335904446
2,2.81,1.0449089646721512
2,2.82,1.1258178160910752
2,2.83,1.1188374318612144
2,2.84,1.0321745501268547
2,2.85,1.0734637781904253
2,2.86,1.2197660040275253
2,2.87,1.3518741561258971
2,2.88,1.382256244168183
2,2.89,1.3760985806464912
2,2.9,1.3410201749200623
2,2.91,1.4220385760889718
2,2.92,1.3900385912793385
2,2.93,1.3636981591701671
2,2.94,1.2911350317393993
2,2.95,1.3553468521732963
2,2.96,1.3272586987090342
2,2.97,1.432688417176219
2,2.98,1.563188359696856
2,2.99,1.7210244982550038
2,3.0,1.8
3,0.0,0.1
3,0.01,0.09044962250596827
3,0.02,0.19756704300788497
3,0.03,0.2455356500297075
3,0.04,0.13445644519235606
3,0.05,0.1601199139887124
3,0.06,0.2960460627627196
3,0.07,0.32010325568953535
3,0.08,0.3396727402323239
3,0.09,0.1731006410238546
3,0.1,0.08667088440948235
3,0.11,0.08508935133489047
3,0.12,0.15034692817101894
3,0.13,0.2873572640654399
3,0.14,0.36467155041243726
3,0.15,0.30886452797852637
3,0.16,0.3483085212036468
3,0.17,0.31660866045234287
3,0.18,0.46185984326748186
3,0.19,0.46601505803979604
3,0.2,0.490157969906697
3,0.21,0.42317673902492864
3,0.22,0.49752034382206217
3,0.23,0.38804932341430426
3,0.24,0.42593066482641545
3,0.25,0.5517481343204318
3,0.26,0.8455629190853522
3,0.27,0.8626590728128654
3,0.28,0.7127018769331337
3,0.29,0.7997258278315055
3,0.3,0.6684839840934919
3,0.31,0.7408524027221999
3,0.32,0.8092196770869838
3,0.33,0.7554462209371898
3,0.34,0.6232165257975341
3,0.35,0.7457392682169731
3,0.36,0.7667718437868214
3,0.37,0.5224709185440706
3,0.38,0.5566888810060885
3,0.39,0.6349438033989453
3,0.4,0.5734570765005537
3,0.41,0.488350566312376
3,0.42,0.5980779348369331
3,0.43,0.5658002441708359
3,0.44,0.5863006793096801
3,0.45,0.5199527111840812
3,0.46,0.3909062864888133
3,0.47,0.38447981304483636
3,0.48,0.40499435540231776
3,0.49,0.3853483395142334
3,0.5,0.328720873372533
3,0.51,0.4461661854062291
3,0.52,0.6336066838396451
3,0.53,0.6792134762688902
3,0.54,0.8541011750706453
3,0.55,0.8143757197811471
3,0.56,0.7930557200752384
3,0.57,0.8484672615438118
3,0.58,0.9287776183994549
3,0.59,0.9129241051245155
3,0.6,0.8781833568252684
3,0.61,0.89220545583964
3,0.62,0.7422740378651751
3,0.63,0.5168523052089748
3,0.64,0.6148441760875946
3,0.65,0.45117152261603805
3,0.66,0.5361200443815032
3,0.67,0.4259008864052157
3,0.68,0.5031026223405767
3,0.69,0.5224146066696649
3,0.7,0.5044530028228429
3,0.71,0.5309409079169713
3,0.72,0.5357618693379558
3,0.73,0.5663090000030515
3,0.74,0.3353440497687339
3,0.75,0.3843027231514199
3,0.76,0.47548563045930836
3,0.77,0.567568962632584
3,0.78,0.5108560385629608
3,0.79,0.5114307788226475
3,0.8,0.5685692166695241
3,0.81,0.6152836378227406
3,0.82,0.556138038103391
3,0.83,0.5401173831956094
3,0.84,0.5077429528708594
3,0.85,0.5356430042177667
3,0.86,0.478926055300111
3,0.87,0.47863989355180714
3,0.88,0.4614745210074603
3,0.89,0.4130152085598268
3,0.9,0.57408977667969
3,0.91,0.41251931909693695
3,0.92,0.2626499136130501
3,0.93,0.35879918909973674
3,0.94,0.3457336462408649
3,0.95,0.29389673194621757
3,0.96,0.12608041492205438
3,0.97,0.1489043980964503
3,0.98,0.1946519351893802
3,0.99,0.33799834526194594
3,1.0,0.38918708636605065
3,1.01,0.3768138132161523
3,1.02,0.45696581576081574
3,1.03,0.6108225896916275
3,1.04,0.6562053160384662
3,1.05,0.37740237924796566
3,1.06,0.44570181594492797
3,1.07,0.36292729738529356
3,1.08,0.3099070762482881
3,1.09,0.24514293238891874
3,1.1,0.22901355597090822
3,1.11,0.19042557836279245
3,1.12,0.2971280831948213
3,1.13,0.39871320803127996
3,1.14,0.456194584107555
3,1.15,0.5850783885106098
3,1.16,0.5680565345731736
3,1.17,0.5466823524223773
3,1.18,0.5090478169528873
3,1.19,0.6423473248302511
3,1.2,0.7458042561454581
3,1.21,0.7481504249118015
3,1.22,0.6804266374549943
3,1.23,0.7306843462555846
3,1.24,0.7918451027685988
3,1.25,0.8303821791908975
3,1.26,0.8278722071267053
3,1.27,0.7982326561202662
3,1.28,0.9304943508780332
3,1.29,0.8820733807246429
3,1.3,1.033733969004431
3,1.31,1.1287379159233835
3,1.32,1.0269035349394793
3,1.33,1.0612273088192747
3,1.34,1.1171706485462503
3,1.35,1.00487846310216
3,1.36,1.07397822573361
3,1.37,1.2413101994332358
3,1.38,1.2034229375022591
3,1.39,1.2443855979217129
3,1.4,1.1413055610820908
3,1.41,1.1477191009692191
3,1.42,1.1731517535530673
3,1.43,1.3095866728754686
3,1.44,1.3408994147380024
3,1.45,1.1996395479030242
3,1.46,1.100047448547989
3,1.47,1.3553077230698718
3,1.48,1.3469786061060969
3,1.49,1.2292865279819094
3,1.5,1.1783751443852575
3,1.51,1.2588037569833017
3,1.52,1.278052348307186
3,1.53,1.0590375557225356
3,1.54,0.8449726131679074
3,1.55,0.9213167841248558
3,1.56,0.84561169097032
3,1.57,1.0044029086170776
3,1.58,0.9480252458617744
3,1.59,0.96018630858737
3,1.6,0.899377372188609
3,1.61,0.599273725859518
3,1.62,0.6613722437561576
3,1.63,0.7753479230973962
3,1.64,0.8924223825976457
3,1.65,0.759088782448977
3,1.66,0.8263911469973598
3,1.67,0.9914106702134681
3,1.68,0.9503911478176797
3,1.69,0.9575345887738792
3,1.7,0.8444002978046137
3,1.71,1.0016997100522174
3,1.72,0.9791529912671488
3,1.73,0.8663906454405386
3,1.74,0.8868344961477518
3,1.75,0.7952132287839568
3,1.76,0.7952884294407745
3,1.77,0.5613295552220448
3,1.78,0.6329656542879555
3,1.79,0.6024307145208522
3,1.8,0.6830199335693277
3,1.81,0.694222089015958
3,1.82,0.5917095644874527
3,1.83,0.5966414278293044
3,1.84,0.623377999409226
3,1.85,0.8182149342255904
3,1.86,0.7679354922619515
3,1.87,0.6421585795753684
3,1.88,0.7069237747344412
3,1.89,0.7165484409637144
3,1.9,0.7378806194213
3,1.91,0.7997888179147967
3,1.92,0.6488993215637396
3,1.93,0.6678102608425653
3,1.94,0.6082971847762911
3,1.95,0.7283120992312961
3,1.96,0.5407792040234402
3,1.97,0.6500534479085637
3,1.98,0.7077000989107269
3,1.99,0.8045299298366956
3,2.0,0.8072232594968682
3,2.01,0.7362924500837862
3,2.02,0.6863760146376604
3,2.03,0.7025422592001754
3,2.04,0.6563395694477072
3,2.05,0.5608845068146046
3,2.06,0.4774080661817597
3,2.07,0.41293150093087977
3,2.08,0.5421230175954319
3,2.09,0.6051913008233205
3,2.1,0.6617088264491366
3,2.11,0.7459619690082815
3,2.12,0.8813882159765508
3,2.13,0.6887442239991381
3,2.14,0.6677909682045107
3,2.15,0.70008088082771
3,2.16,0.7102786201074172
3,2.17,0.7687698280139073
3,2.18,0.8493720899661009
3,2.19,0.7860521849314479
3,2.2,0.9240109916857469
3,2.21,0.8266708610573812
3,2.22,0.7751080422454408
3,2.23,0.829545180306429
3,2.24,0.7166593744721657
3,2.25,0.6770522657709626
3,2.26,0.6939570586892454
3,2.27,0.6760352293396287
3,2.28,0.8006780207009355
3,2.29,0.9780841524514651
3,2.3,0.9652083811356236
3,2.31,1.085578988757076
3,2.32,1.035015484165287
3,2.33,1.0708766576085118
3,2.34,1.1387193779931766
3,2.35,1.2365446992158087
3,2.36,1.2658903694452863
3,2.37,1.3214668365272237
3,2.38,1.2417295773809367
3,2.39,1.2850205196702855
3,2.4,1.0829207666729195
3,2.41,0.9670445684865321
3,2.42,1.0723513539724425
3,2.43,1.0983037913909657
3,2.44,1.1258018884981973
3,2.45,1.1274414924147735
3,2.46,1.14238154685898
3,2.47,1.184270230253396
3,2.48,1.103546990921827
3,2.49,1.0971422385181295
3,2.5,1.1811092717694023
3,2.51,1.0390384271373365
3,2.52,1.0131041938910994
3,2.53,0.9863802929059218
3,2.54,1.0442560646938646
3,2.55,0.9458488940141563
3,2.56,0.9574190447328476
3,2.57,0.9030718043660475
3,2.58,0.956995710787923
3,2.59,0.9142217326119954
3,2.6,0.9713412402439405
3,2.61,1.0190264359578913
3,2.62,0.9493457197081581
3,2.63,1.0890119239035494
3,2.64,1.2005315069294653
3,2.65,1.1174181866953057
3,2.66,1.1519991543242258
3,2.67,1.2437477002488677
3,2.68,1.1840639467430758
3,2.69,1.0993546258085418
3,2.7,1.1138008182068053
3,2.71,1.2404425637367922
3,2.72,1.262231522634928
3,2.73,1.2481789563153614
3,2.74,1.3137056461928998
3,2.75,1.2984286064274257
3,2.76,1.2144147379369492
3,2.77,1.1665283039889314
3,2.78,1.2776755393786052
3,2.79,1.211664924336981
3,2.8,1.2129940525071516
3,2.81,1.41113036692007
3,2.82,1.4940278800505968
3,2.83,1.611845666754385
3,2.84,1.5551188477989084
3,2.85,1.5638635822673899
3,2.86,1.7371488387777396
3,2.87,1.7204886652862041
3,2.88,1.7565787435129478
3,2.89,1.6782418977522573
3,2.9,1.8026464694404372
3,2.91,1.7284809396576584
3,2.92,1.7197315365810066
3,2.93,1.7348984204481446
3,2.94,1.83136845469181
3,2.95,1.7779173144456124
3,2.96,1.6904211741839235
3,2.97,1.7177268318799954
3,2.98,1.7298403990597038
3,2.99,1.767973718265977
3,3.0,1.8
4,0.0,0.1
4,0.01,0.13505083639983914
4,0.02,0.26757869259638645
4,0.03,0.270928769845241
4,0.04,0.40671773662207544
4,0.05,0.3105465675663777
4,0.06,0.30604417179139143
4,0.07,0.38092986833750503
4,0.08,0.30834008544010577
4,0.09,0.2386789698540822
4,0.1,0.25385270753100975
4,0.11,0.2768341948938424
4,0.12,0.3199891913463109
4,0.13,0.3524507708721784
4,0.14,0.4258177660189333
4,0.15,0.4395723849964996
4,0.16,0.5523511688880768
4,0.17,0.5652651401434111
4,0.18,0.6565306441657984
4,0.19,0.573071384456451
4,0.2,0.7089724287061752
4,0.21,0.9182145835247953
4,0.22,1.1423688239315666
4,0.23,1.2014513057675937
4,0.24,1.1784896446837756
4,0.25,1.211002752402595
4,0.26,1.21035851899529
4,0.27,1.0893111350633196
4,0.28,0.9118592211858738
4,0.29,0.9557671023349067
4,0.3,0.7972320921950425
4,0.31,0.7207548367905154
4,0.32,0.6585700469230722
4,0.33,0.6408249216164845
4,0.34,0.5774440345136839
4,0.35,0.5825196454508933
4,0.36,0.5784452926305284
4,0.37,0.5579498596206786
4,0.38,0.6203139928874942
4,0.39,0.6245331135868297
4,0.4,0.571176333296927
4,0.41,0.6210997522525254
4,0.42,0.5759153158295939
4,0.43,0.5475320903707706
4,0.44,0.5007406287240858
4,0.45,0.5244656317555074
4,0.46,0.5797200278155357
4,0.47,0.5831515209204812
4,0.48,0.5551368212205248
4,0.49,0.6412833226473713
4,0.5,0.5227796829352346
4,0.51,0.558446755451121
4,0.52,0.6256006125373482
4,0.53,0.7131056198744815
4,0.54,0.6866459220826607
4,0.55,0.7208795931200883
4,0.56,0.5982007088165544
4,0.57,0.6677150442199212
4,0.58,0.6377741588794111
4,0.59,0.6794238353677505
4,0.6,0.6873811520657448
4,0.61,0.6175305119271737
4,0.62,0.8712632960885124
4,0.63,0.9192803125918704
4,0.64,0.89626432809078
4,0.65,0.9763260666183322
4,0.66,1.1005018484739044
4,0.67,1.1192312598266572
4,0.68,1.0029378217936986
4,0.69,1.1702230508369824
4,0.7,1.097615670068964
4,0.71,0.8978882576953535
4,0.72,1.0092259048243613
4,0.73,0.9236167973516982
4,0.74,0.9561581518991319
4,0.75,0.9861194606194216
4,0.76,1.0044887612326268
4,0.77,1.2564214917134113
4,0.78,1.2385023085208762
4,0.79,1.1328816791936052
4,0.8,1.2170312909673795
4,0.81,1.1951402450256212
4,0.82,1.338445868360484
4,0.83,1.4047926672523092
4,0.84,1.383443128859204
4,0.85,1.4233891378806156
4,0.86,1.302832114660241
4,0.87,1.2865571158625453
4,0.88,1.4200993926378682
4,0.89,1.4589352898127488
4,0.9,1.5689016182726754
4,0.91,1.572097863596669
4,0.92,1.4236542635437983
4,0.93,1.2820564952020381
4,0.94,1.1325227447603265
4,0.95,1.1330300115427974
4,0.96,1.2601004689011313
4,0.97,1.3090054305549517
4,0.98,1.2389150245681273
4,0.99,1.1594340556045677
4,1.0,1.1189001641660559
4,1.01,1.025609267045993
4,1.02,1.100697006588113
4,1.03,1.063376340507742
4,1.04,1.1747858850175832
4,1.05,1.105132734250975
4,1.06,1.038222976792694
4,1.07,1.0419340633942875
4,1.08,0.8434201063105018
4,1.09,0.8839478082625727
4,1.1,0.7920520007586372
4,1.11,0.7182980459313377
4,1.12,0.7487036511931052
4,1.13,0.7767230107206682
4,1.14,0.8957381317478469
4,1.15,1.002486877753883
4,1.16,0.9622095242718467
4,1.17,0.829552923586992
4,1.18,0.7052525963607149
4,1.19,0.7521956530164773
4,1.2,0.6751183970962946
4,1.21,0.4850383104931914
4,1.22,0.5007759116143783
4,1.23,0.5414473561098115
4,1.24,0.3630540673451853
4,1.25,0.4046506098567509
4,1.26,0.28844705176457586
4,1.27,0.31145517459237265
4,1.28,0.5526494243030642
4,1.29,0.5365059594161398
4,1.3,0.6750134050394049
4,1.31,0.759050891201103
4,1.32,0.5950286491309557
4,1.33,0.651163061714354
4,1.34,0.6240530317898543
4,1.35,0.555454955886528
4,1.36,0.5258756116197464
4,1.37,0.5803285722665648
4,1.38,0.4162909542320959
4,1.39,0.26160161111505303
4,1.4,0.3088239966197076
4,1.41,0.18786917463506356
4,1.42,0.12890042379633543
4,1.43,0.26084706584383555
4,1.44,0.23438631795621345
4,1.45,0.254710756991911
4,1.46,0.43816508310329444
4,1.47,0.35961466037697837
4,1.48,0.30632837327586404
4,1.49,0.39945557253857544
4,1.5,0.3873256111903757
4,1.51,0.4568135029066592
4,1.52,0.49784974407871185
4,1.53,0.42228608673853574
4,1.54,0.4636744205673986
4,1.55,0.5194309136510532
4,1.56,0.562763031282787
4,1.57,0.5173416922223508
4,1.58,0.7893169009918263
4,1.59,0.7140245530694775
4,1.6,0.640829177630306
4,1.61,0.48034472707631654
4,1.62,0.4758458718615373
4,1.63,0.5485784586292466
4,1.64,0.5231394065645479
4,1.65,0.6109338607123079
4,1.66,0.7610321378544143
4,1.67,0.8565075474749515
4,1.68,1.0398595067461345
4,1.69,1.0315396635909022
4,1.7,1.113718145746462
4,1.71,1.011803506732512
4,1.72,1.0245493842520326
4,1.73,0.9805716210487387
4,1.74,0.9041172473797477
4,1.75,0.9207963658941474
4,1.76,0.9649783081052943
4,1.77,0.8966398450580374
4,1.78,0.9117866252472805
4,1.79,1.1567879968983754
4,1.8,1.2008353633021254
4,1.81,1.1132806535305253
4,1.82,1.0684579264304872
4,1.83,1.2628759205892184
4,1.84,1.2623396270601168
4,1.85,1.1766044368909951
4,1.86,1.0588697896731332
4,1.87,1.1996165328118646
4,1.88,1.0922242168355023
4,1.89,1.016728382825384
4,1.9,0.9196217994514231
4,1.91,0.9310664450487429
4,1.92,0.9666506179081771
4,1.93,0.8620064377017445
4,1.94,0.8336322753373899
4,1.95,0.862237745290879
4,1.96,0.9812468733209302
4,1.97,1.1006645856049662
4,1.98,1.0967850223999551
4,1.99,1.1789374597814573
4,2.0,1.093590707959187
4,2.01,1.2357897547076513
4,2.02,1.1533911546645674
4,2.03,1.334203720168517
4,2.04,1.1409322179790784
4,2.05,1.0908352626208235
4,2.06,1.007604499770716
4,2.07,0.855488059100141
4,2.08,0.788315328744537
4,2.09,0.7936468929233063
4,2.1,0.7693901261948812
4,2.11,0.7158408120688574
4,2.12,0.9226050192909101
4,2.13,0.9067054738526172
4,2.14,0.8938350309261778
4,2.15,0.9599224011734656
4,2.16,0.9108931276700561
4,2.17,0.9960378069114273
4,2.18,0.9570364803015073
4,2.19,0.7947152726100646
4,2.2,0.6883372250875684
4,2.21,0.5944988778207257
4,2.22,0.6891493514958086
4,2.23,0.49445830322457374
4,2.24,0.5593386663382383
4,2.25,0.49206721317869023
4,2.26,0.5744423249115531
4,2.27,0.6508025328328086
4,2.28,0.7150007330224265
4,2.29,0.6067155476691198
4,2.3,0.5715225074643228
4,2.31,0.5543033175762238
4,2.32,0.5692351641169272
4,2.33,0.6429589747659452
4,2.34,0.6907301763217855
4,2.35,0.7581283472332375
4,2.36,0.8565672180670816
4,2.37,0.785487273419072
4,2.38,0.9543061938983125
4,2.39,0.9515036674353204
4,2.4,1.0426634651174769
4,2.41,1.127322611218276
4,2.42,1.1947039080327253
4,2.43,1.3005517958095254
4,2.44,1.4068062068153324
4,2.45,1.2579936950206627
4,2.46,1.228394924012045
4,2.47,1.2686205775747037
4,2.48,1.315797637757177
4,2.49,1.3032806370824181
4,2.5,1.272061432790511
4,2.51,1.1626603018971768
4,2.52,1.0354779043118754
4,2.53,1.0243660777794619
4,2.54,1.0760606344512849
4,2.55,0.9732477523090737
4,2.56,0.96911656787711
4,2.57,0.9522045845977611
4,2.58,1.0340514756451396
4,2.59,1.243591117252908
4,2.6,1.23772175186788
4,2.61,1.2310275974485179
4,2.62,1.335541205337687
4,2.63,1.35429663424076
4,2.64,1.280520448925876
4,2.65,1.1945356185988356
4,2.66,1.2061139565906807
4,2.67,1.1567321906606185
4,2.68,1.0604866034125373
4,2.69,1.0128904581276048
4,2.7,0.9548407561658749
4,2.71,0.9772495490090454
4,2.72,0.9013420811351711
4,2.73,0.8934179612389068
4,2.74,0.8150326315514906
4,2.75,0.7933962398242669
4,2.76,0.7759187883623564
4,2.77,0.8070896641026892
4,2.78,0.7708306944916942
4,2.79,0.8721441075405353
4,2.8,0.9052796141558765
4,2.81,0.9985432586390296
4,2.82,0.9833816462260346
4,2.83,0.9654559374723906
4,2.84,0.9669058808955399
4,2.85,0.9118057985374671
4,2.86,0.8306023526084246
4,2.87,0.9237092285495191
4,2.88,1.0839904508085307
4,2.89,1.3580359456073827
4,2.9,1.3183736161338349
4,2.91,1.490502698860749
4,2.92,1.4452524328601406
4,2.93,1.6700523199748272
4,2.94,1.527983544038607
4,2.95,1.5737644883850643
4,2.96,1.6598721120086597
4,2.97,1.5780314270041225
4,2.98,1.6804881660059332
4,2.99,1.6664536917074708
4,3.0,1.8
5,0.0,0.1
5,0.01,0.22271664584587617
5,0.02,0.20726920760352488
5,0.03,0.3471234570760501
5,0.04,0.31546380421586684
5,0.05,0.40539414813863567
5,0.06,0.35055340508480975
5,0.07,0.18585701696438486
5,0.08,0.07765892663398205
5,0.09,0.19170879748894554
5,0.1,0.22773065906909667
5,0.11,0.3033987358485498
5,0.12,0.4879614769441473
5,0.13,0.4524509358915702
5,0.14,0.4344481510540543
5,0.15,0.43812550091928454
5,0.16,0.412098303736048
5,0.17,0.49362120892855316
5,0.18,0.34246903498652687
5,0.19,0.310575707346291
5,0.2,0.3076595021489152
5,0.21,0.2792324347541819
5,0.22,0.23662558949827955
5,0.23,0.25307597667032555
5,0.24,0.29882890454948513
5,0.25,0.3094888517376954
5,0.26,0.446633508117758
5,0.27,0.6528707713835402
5,0.28,0.6585036747738651
5,0.29,0.7345045218535021
5,0.3,0.7423231468080911
5,0.31,0.7800333991236553
5,0.32,0.7567625151144346
5,0.33,0.9058215126654052
5,0.34,0.8181021587948845
5,0.35,0.9226632942805952
5,0.36,1.0171026977235562
5,0.37,1.0218778847398613
5,0.38,0.7737722099626665
5,0.39,0.6822817224498003
5,0.4,0.7768912922844592
5,0.41,0.6899560959797929
5,0.42,0.7221327272446245
5,0.43,0.7310253261445236
5,0.44,0.7674209540608901
5,0.45,0.8027251820981933
5,0.46,0.9172480170360395
5,0.47,0.9575379537108545
5,0.48,1.0019256858306327
5,0.49,0.9949326535678347
5,0.5,1.1550135574312035
5,0.51,1.0384264536070402
5,0.52,1.1064303491570529
5,0.53,1.1300990074665114
5,0.54,1.0992973085192446
5,0.55,1.0685655672733207
5,0.56,0.9744734538687356
5,0.57,1.1240285537662487
5,0.58,1.328764673571054
5,0.59,1.386833243781732
5,0.6,1.2958804597078344
5,0.61,1.3588375607251102
5,0.62,1.4503591948778107
5,0.63,1.343683791760655
5,0.64,1.1777306142365216
5,0.65,1.0958209870939821
5,0.66,1.0763988901480648
5,0.67,1.0461266113649133
5,0.68,0.9840539522558787
5,0.69,1.0511962447751007
5,0.7,1.0863352507864215
5,0.71,0.9332895166861639
5,0.72,0.879925054999701
5,0.73,0.9230322371002393
5,0.74,1.1025747214621304
5,0.75,1.0600565423154755
5,0.76,1.0957811797403472
5,0.77,1.0410757305887195
5,0.78,1.05544895747614
5,0.79,1.1063222439571003
5,0.8,1.167523017179624
5,0.81,1.2256759747705865
5,0.82,1.2004858325907546
5,0.83,1.2971172346121707
5,0.84,1.1888347955600036
5,0.85,1.1369272449624348
5,0.86,1.2845771012036913
5,0.87,1.2296322517202807
5,0.88,1.3392669708373646
5,0.89,1.3891936405262748
5,0.9,1.4460626648697688
5,0.91,1.1953896320746336
5,0.92,1.2901501797425485
5,0.93,1.3656764620645985
5,0.94,1.2759142521422855
5,0.95,1.3136444019324505
5,0.96,1.3699946199580704
5,0.97,1.3918221266247417
5,0.98,1.309905162094767
5,0.99,1.352492051199372
5,1.0,1.3860301383906326
5,1.01,1.4539885236646888
5,1.02,1.2196821403412614
5,1.03,1.2320499120944586
5,1.04,1.2501625518336204
5,1.05,1.140202061403968
5,1.06,1.1253764484088857
5,1.07,1.00884823938001
5,1.08,1.1625876783314761
5,1.09,1.1564384898948954
5,1.1,1.043702910665524
5,1.11,0.8443624420634441
5,1.12,0.833472478567996
5,1.13,0.9461069203089656
5,1.14,0.9582799651321046
5,1.15,0.9600593285372232
5,1.16,1.0220898960378009
5,1.17,1.1760719427284418
5,1.18,0.9484663616935449
5,1.19,0.82000081180347
5,1.2,0.8405290761203423
5,1.21,1.0307541532747877
5,1.22,0.9397581464028963
5,1.23,1.009723413495052
5,1.24,1.1319005589021485
5,1.25,1.2080134668245246
5,1.26,1.2921516937243713
5,1.27,1.2209189580361057
5,1.28,1.2292277063643438
5,1.29,1.197427709354033
5,1.3,1.0746672523229501
5,1.31,1.084250139517799
5,1.32,1.2514753194920984
5,1.33,1.2809750831111915
5,1.34,1.3882359831865476
5,1.35,1.4062215729685574
5,1.36,1.3327747961847893
5,1.37,1.2963813663146824
5,1.38,1.0491678872190513
5,1.39,1.0993260064448456
5,1.4,1.1789438176597384
5,1.41,1.1763749861474666
5,1.42,1.220082919432442
5,1.43,1.2044093114924574
5,1.44,1.2474398921768486
5,1.45,1.1765852231567493
5,1.46,1.3921663120966798
5,1.47,1.3604755861390994
5,1.48,1.335007245822221
5,1.49,1.3209509877160461
5,1.5,1.2067700814731321
5,1.51,1.1025901187202
5,1.52,1.0875588785704706
5,1.53,1.1434366202990842
5,1.54,1.1913740820440566
5,1.55,1.0906318100384875
5,1.56,1.1259331759740636
5,1.57,1.2324875237697777
5,1.58,1.1512085481515424
5,1.59,1.0343420385500255
5,1.6,0.9872030209600353
5,1.61,0.8489148466754485
5,1.62,1.0701828220268903
5,1.63,1.1781003032337418
5,1.64,0.9813869806113684
5,1.65,1.0079593302226686
5,1.66,0.916795852553582
5,1.67,0.9481585496463235
5,1.68,1.1384196238653375
5,1.69,1.2112265032348204
5,1.7,1.2656553577997232
5,1.71,1.2541308181798518
5,1.72,1.463123631977401
5,1.73,1.2973139668415037
5,1.74,1.187158349549927
5,1.75,1.2138228822896493
5,1.76,1.2567098080779908
5,1.77,1.1375303494409195
5,1.78,1.3512467144656024
5,1.79,1.1643029437949903
5,1.8,0.9639909153098092
5,1.81,0.881133417653175
5,1.82,0.896622912636892
5,1.83,0.9207853679888245
5,1.84,0.7754901546576182
5,1.85,0.7116255296027576
5,1.86,0.5586040550668995
5,1.87,0.703685072146219
5,1.88,0.6497187744912319
5,1.89,0.48037447143400913
5,1.9,0.6001275292477014
5,1.91,0.6347250717712781
5,1.92,0.8694877809817219
5,1.93,0.7455920714979603
5,1.94,0.7233876331708099
5,1.95,0.6884889080382633
5,1.96,0.5860551448931635
5,1.97,0.668548068291671
5,1.98,0.6498227862041764
5,1.99,0.6023783996552338
5,2.0,0.5408058116313678
5,2.01,0.7196178551174408
5,2.02,0.8276052194866743
5,2.03,0.8412860700704615
5,2.04,0.8345104481755975
5,2.05,1.006101216714234
5,2.06,0.9550092799954979
5,2.07,1.008277085359054
5,2.08,1.177297994086501
5,2.09,1.3065263520897459
5,2.1,1.2364793053192034
5,2.11,1.1323327996863064
5,2.12,1.1390007484015867
5,2.13,1.1279424440907475
5,2.14,1.1529471112070429
5,2.15,1.0162638719678956
5,2.16,0.8395555180539462
5,2.17,1.0101938456402766
5,2.18,0.9775235295947424
5,2.19,1.041309916969407
5,2.2,1.1191915736006677
5,2.21,1.0988861001922494
5,2.22,0.9847738130347046
5,2.23,1.0125917528433117
5,2.24,0.952297588842856
5,2.25,1.013395775187823
5,2.26,0.9692584489044196
5,2.27,1.0569698648380534
5,2.28,0.8573367021314235
5,2.29,0.8843081891894277
5,2.3,0.7945315419902379
5,2.31,0.7870213896442547
5,2.32,0.907850144122843
5,2.33,0.9340895743113792
5,2.34,0.9639310550449777
5,2.35,0.8774690205294482
5,2.36,0.7033510075113635
5,2.37,0.7169619050404611
5,2.38,0.9854138542300376
5,2.39,1.0174551166714172
5,2.4,1.049383376494505
5,2.41,1.0500988817687367
5,2.42,0.8136243977327762
5,2.43,0.6372310211895733
5,2.44,0.5728391486216537
5,2.45,0.5373881558848231
5,2.46,0.5742930858160453
5,2.47,0.7281102336652239
5,2.48,0.8697907856986724
5,2.49,0.9529840377255113
5,2.5,1.1255943884935253
5,2.51,1.2226341666828033
5,2.52,1.3343384421618014
5,2.53,1.368263136025465
5,2.54,1.3855372426842631
5,2.55,1.5090605421658145
5,2.56,1.568793241185649
5,2.57,1.4292708725172205
5,2.58,1.3437632177272012
5,2.59,1.4221231028028134
5,2.6,1.267726425195268
5,2.61,1.2980493819517616
5,2.62,1.3291755554434896
5,2.63,1.4928129105035568
5,2.64,1.4384102206553635
5,2.65,1.4673750847163907
5,2.66,1.4741942508921757
5,2.67,1.4637805857056523
5,2.68,1.5683203033887008
5,2.69,1.7835587391581778
5,2.7,1.534651241505296
5,2.71,1.3998127404404088
5,2.72,1.5299815793033926
5,2.73,1.5515121230142401
5,2.74,1.3282441992033864
5,2.75,1.629324322749249
5,2.76,1.5961339720608942
5,2.77,1.7070806394539195
5,2.78,1.5401149208396272
5,2.79,1.685039897350976
5,2.8,1.6430009571772324
5,2.81,1.652955545198978
5,2.82,1.7489022095311957
5,2.83,1.714572679502868
5,2.84,1.6697721860752135
5,2.85,1.8232464579020151
5,2.86,1.6749017194651041
5,2.87,1.6607487499484588
5,2.88,1.7226479720307457
5,2.89,1.6171080524040051
5,2.9,1.595706414536111
5,2.91,1.6894379378261275
5,2.92,1.7006800287164896
5,2.93,1.7415354530789176
5,2.94,1.6486159200827135
5,2.95,1.7243768150375423
5,2.96,1.9002481165222043
5,2.97,1.8032361041788887
5,2.98,1.7768466420332953
5,2.99,1.7448986216579971
5,3.0,1.8
