parameter,alpha_continuous_N,beta_continuous_N,alpha_log10_N,beta_log10_N,beta_plot_y,alpha_ceil_N,beta_ceil_N
0.001,300.4510313778495,193.7382478202605,2.477773699182807,2.2872153676345555,10.0,301,194
0.021038076152304613,63.25526628556622,42.23887632762107,1.8010966883229929,1.6257123562301894,9.979961923847695,64,43
0.041076152304609224,44.908141294308365,30.22877095146728,1.6523250803949285,1.480420489888811,9.959923847695391,45,31
0.061114228456913826,36.64002606239192,24.782447850391357,1.563955773913634,1.394144200967134,9.939885771543086,37,25
0.08115230460921845,31.686202685512225,21.506262322069336,1.5008701959103252,1.3325649387952376,9.91984769539078,32,22
0.10119038076152305,28.299031094054747,19.25953301472438,1.451771566347295,1.2846457525918873,9.899809619238477,29,20
0.12122845691382765,25.796955807603787,17.59596457838562,1.4115684596856013,1.2454130790477698,9.879771543086171,26,18
0.1412665330661323,23.852069080963805,16.30030475503502,1.3775260584901505,1.2121957241703858,9.859733466933868,24,17
0.1613046092184369,22.284574436736392,15.254289312530489,1.3480043448820649,1.1833919789508216,9.839695390781563,23,16
0.1813426853707415,20.986593174535727,14.386837767786657,1.3219419437951252,1.157965346339662,9.819657314629257,21,15
0.2013807615230461,19.888971551352157,13.652317452776405,1.2986123265572918,1.135206378228499,9.799619238476954,20,14
0.2214188376753507,18.94507214094922,13.019913061827031,1.277496263364325,1.1146080843170545,9.779581162324648,19,14
0.2414569138276553,18.12215168686329,12.467964152246465,1.258209761235586,1.095795544927875,9.759543086172345,19,13
0.2614949899799599,17.39645776377602,11.980741046087054,1.240460827003547,1.078483681348207,9.73950501002004,18,12
0.2815330661322646,16.750286444092502,11.546508046421845,1.2240222382400319,1.0624506625427756,9.719466933867736,17,12
0.30157114228456916,16.170136935551504,11.156307524724042,1.2087136977111372,1.0475204771295032,9.69942885771543,17,12
0.3216092184368738,15.645510552700443,10.80316783728967,1.1943897398441599,1.0335511233132513,9.679390781563125,16,11
0.34164729458917836,15.168104025918998,10.48157085825721,1.180931298483421,1.0204263746275837,9.659352705410821,16,11
0.361685370741483,14.731252765081235,10.187084208348924,1.1682396813862206,1.008049896132839,9.639314629258516,15,11
0.3817234468937876,14.32953743778829,9.916101174502016,1.1562321714539796,0.9963409492478387,9.619276553106213,15,10
0.4017615230460922,13.958500117894463,9.665652932945816,1.144838754568116,0.985231196760591,9.599238476953907,14,10
0.4217995991983968,13.614435682825366,9.433270461202692,1.1339996445805602,0.9746622862699569,9.579200400801602,14,10
0.4418376753507014,13.294235971736684,9.21688131186246,1.1236633832024971,0.9645839950048124,9.559162324649298,14,10
0.461875751503006,12.995271629475967,9.014731302385405,1.1137853616323097,0.9549527864516076,9.539124248496993,13,10
0.4819138276553106,12.715301321547523,8.82532431172044,1.104326656350878,0.9457306737428816,9.51908617234469,13,9
0.5019519038076152,12.452401130880572,8.647375435183834,1.0952531022226537,0.9368843147509338,9.499048096192384,13,9
0.5219899799599198,12.204909041146504,8.47977413031114,1.086534547122699,0.9283842844187518,9.47901002004008,13,9
0.5420280561122245,11.971380839996625,8.32155492928159,1.0781442470316303,0.9202044842367908,9.458971943887775,12,9
0.5620661322645292,11.750554766639741,8.171873947930932,1.0700583709824663,0.912321658971149,9.43893386773547,12,9
0.5821042084168336,11.541322926226124,8.02998988253163,1.0622555927564858,0.9047149980852249,9.418895791583166,12,9
0.6021422845691383,11.342707992108162,7.895248515073068,1.0547167517023617,0.8973658046452978,9.39885771543086,12,8
0.6221803607214429,11.153844077821399,7.767069986335214,1.0474245690944806,0.890257218446958,9.378819639278557,12,8
0.6422184368737476,10.973960924812019,7.644938270814393,1.0403634094623266,0.8833739830442298,9.358781563126252,11,8
0.6622565130260522,10.802370747547203,7.528392417015986,1.0335190785969826,0.8767022485837709,9.338743486973947,11,8
0.6822945891783567,10.638457223984455,7.417019213516246,1.0268786516723103,0.8702294040371789,9.318705410821643,11,8
0.7023326653306614,10.481666229915792,7.310447014408988,1.0204303262486885,0.8639439337233306,9.298667334669338,11,8
0.722370741482966,10.331497999955827,7.208340513577068,1.014163295957955,0.8578352940190871,9.278629258517034,11,8
0.7424088176352706,10.187500462705446,7.110396300154343,1.0080676414732272,0.8518938069426764,9.258591182364729,11,8
0.7624468937875752,10.04926354779991,7.0163390608138,1.0021342360006966,0.8461105679124971,9.238553106212425,11,8
0.7824849699398798,9.916414301718408,6.9259183204969315,0.9963546630323948,0.8404773654741065,9.21851503006012,10,7
0.8025230460921844,9.788612680022435,6.838905633628806,0.9907211444992766,0.8349866111789964,9.198476953907814,10,7
0.822561122244489,9.66554790805657,6.755092154035429,0.9852264777852685,0.8296312781124651,9.17843887775551,10,7
0.8425991983967936,9.546935321549169,6.674286524662714,0.9798639803223718,0.8244048468211578,9.158400801603205,10,7
0.8626372745490983,9.432513614095035,6.596313038519937,0.9746274406975317,0.8193012575964802,9.138362725450902,10,7
0.8826753507014028,9.322042431025785,6.521010030590318,0.9695110753739131,0.8143148682379265,9.118324649298597,10,7
0.9027134268537075,9.215300259317427,6.448228467192126,0.9645094902702601,0.8094404165580528,9.098286573146291,10,7
0.922751503006012,9.112082571443347,6.377830704763316,0.9596176465582837,0.8046729870043191,9.078248496993988,10,7
0.9427895791583167,9.01220018783727,6.3096893945349795,0.9548308301342898,0.8000079808670099,9.058210420841682,10,7
0.9628276553106212,8.915477828184015,6.243686513252223,0.9501446243013355,0.7954410896206023,9.038172344689379,9,7
0.9828657314629259,8.821752826340429,6.17971250315096,0.9455548852650754,0.7909682710112382,9.018134268537073,9,7
1.0029038076152303,8.730873987489826,6.117665506928363,0.9410577201025327,0.7865857275576877,8.99809619238477,9,7
1.022941883767535,8.642700569297297,6.057450685550673,0.9366494669102293,0.7822898871792674,8.978058116232464,9,7
1.0429799599198395,8.55710137147734,5.998979608502416,0.9323266768779761,0.7780773857030943,8.95802004008016,9,6
1.0630180360721442,8.473953920403115,5.942169707557938,0.9280860980684325,0.7739450510360507,8.937981963927855,9,6
1.0830561122244489,8.393143737253522,5.886943786399774,0.923924660711285,0.7698898888148962,8.91794388777555,9,6
1.1030941883767535,8.314563679771299,5.833229579458898,0.9198394638454338,0.7659090693719109,8.897905811623247,9,6
1.1231322645290582,8.238113349041624,5.780959354242525,0.9158277631635702,0.7619999158739496,8.877867735470941,9,6
1.1431703406813625,8.163698553836948,5.730069552172369,0.9118869599315597,0.7581598935103814,8.857829659318638,9,6
1.1632084168336672,8.091230826042425,5.680500463602154,0.9080145908705612,0.754386599620544,8.837791583166332,9,6
1.1832464929859718,8.020626981505037,5.632195933235704,0.9042083189032192,0.7506777546644118,8.817753507014027,9,6
1.2032845691382765,7.95180872135997,5.585103092640881,0.9004659246768586,0.7470311939515096,8.797715430861723,8,6
1.2233226452905812,7.8847022694990265,5.539172116962341,0.8967852987866838,0.7434448600529197,8.777677354709418,8,6
1.2433607214428857,7.819238042372788,5.494356003287721,0.8931644346307395,0.7399167958297838,8.757639278557114,8,6
1.2633987975951904,7.755350347773761,5.450610368425845,0.8896014218360274,0.7364451380191541,8.737601202404809,8,6
1.283436873747495,7.69297710964252,5.407893264119091,0.8860944402018535,0.733028111324565,8.717563126252504,8,6
1.3034749498997995,7.632059616281753,5.3661650079409675,0.8826417541123222,0.729664022964401,8.6975250501002,8,6
1.3235130260521042,7.572542289661642,5.325388028329334,0.8792417073750365,0.7263512576361549,8.677486973947895,8,6
1.3435511022044087,7.514372473760573,5.285526722379699,0.8758927184475745,0.7230882728590733,8.657448897795591,8,6
1.3635891783567133,7.4575002401128785,5.24654732517517,0.872593276017298,0.7198735946615751,8.637410821643286,8,6
1.383627254509018,7.4018782089350275,5.20841778956306,0.8693419349035655,0.7167058135832634,8.617372745490982,8,6
1.4036653306613227,7.347461384376869,5.171107675405239,0.8661373122545364,0.7135835809643863,8.597334669338677,8,6
1.4237034068136274,7.294207002598798,5.13458804743242,0.8629780840135105,0.7105056054982986,8.577296593186372,8,6
1.4437414829659319,7.242074391511584,5.098831380923402,0.8598629816322004,0.7074706500248641,8.557258517034068,8,6
1.4637795591182363,7.191024841135671,5.0638114745106035,0.8567907890105144,0.704477528544876,8.537220440881763,8,6
1.483817635270541,7.141021483642918,5.029503369484154,0.8537603396443718,0.7015251034374559,8.517182364729459,8,6
1.5038557114228457,7.092029182237857,4.995883275029824,0.8507705139648074,0.6986122828640985,8.497144288577154,8,5
1.5238937875751504,7.044014428119074,4.962928498891911,0.8478202368531724,0.6957380183445369,8.477106212424848,8,5
1.5439318637274548,6.996945244835617,4.930617383001921,0.8449084753186301,0.692901302490956,8.457068136272545,7,5
1.5639699398797595,6.95079109941945,4.8989292436581335,0.8420342363253897,0.6901011668883076,8.43703006012024,7,5
1.5840080160320642,6.905522819734007,4.867844315880651,0.8391965647582388,0.6873366801095594,8.416991983967936,7,5
1.6040460921843687,6.861112517531602,4.837343701601795,0.836394541515947,0.6846069458557059,8.39695390781563,7,5
1.6240841683366734,6.817533516759577,4.807409321383298,0.8336272817230118,0.6819111012112419,8.376915831663325,7,5
1.6441222444889778,6.774760286697406,4.778023869380047,0.8308939330510422,0.6792483150066065,8.356877755511022,7,5
1.6641603206412825,6.732768379544752,4.74917077129548,0.8281936741418111,0.6766177862798202,8.336839679358716,7,5
1.6841983967935872,6.691534372114671,4.720834145096591,0.825525713124675,0.6740187428301897,8.316801603206413,7,5
1.7042364729458919,6.651035811316677,4.692998764277002,0.8228892862216641,0.6714504398575512,8.296763527054107,7,5
1.7242745490981966,6.611251163142057,4.665650023475057,0.8202836564340944,0.6689121586810454,8.276725450901804,7,5
1.744312625250501,6.572159764888695,4.63877390627058,0.8177081123050514,0.6664032055319173,8.256687374749498,7,5
1.7643507014028055,6.533741780385118,4.612356954998991,0.815161966752544,0.663922910415263,8.236649298597193,7,5
1.7843887775551102,6.495978157993851,4.586386242435116,0.8126445559685419,0.6614706260360513,8.21661122244489,7,5
1.8044268537074148,6.458850591192517,4.5608493452113406,0.8101552383794814,0.6590457267851174,8.196573146292584,7,5
1.8244649298597195,6.422341481547838,4.535734318845964,0.8076933936641668,0.6566476077811488,8.17653507014028,7,5
1.844503006012024,6.386433903912763,4.511029674267714,0.805258421825306,0.6542756839649982,8.156496993987975,7,5
1.8645410821643287,6.351111573690755,4.486724355731647,0.8028497423112035,0.6519293892429281,8.136458917835672,7,5
1.8845791583166334,6.316358816023715,4.4628077200299945,0.8004667931843935,0.6496081756756498,8.116420841683366,7,5
1.904617234468938,6.282160536771407,4.439269516909166,0.7981090303342351,0.6473115127102501,8.096382765531061,7,5
1.9246553106212423,6.248502195160601,4.4160998706110846,0.795775926730708,0.645038886452313,8.076344689378757,7,5
1.944693386773547,6.215369777991628,4.3932892624633295,0.7934669717168498,0.6427897989757366,8.056306613226452,7,5
1.9647314629258517,6.182749775298637,4.370828514448398,0.7911816703374573,0.6405637676679293,8.036268537074148,7,5
1.9847695390781563,6.150629157367737,4.348708773687658,0.7889195427018446,0.638360324608229,8.016230460921843,7,5
2.004807615230461,6.118995353024432,4.326921497780418,0.7866801233786045,0.6361790159775432,7.996192384769539,7,5
2.0248456913827653,6.087836229108343,4.305458440942974,0.7844629608204648,0.6340194014973478,7.976154308617234,7,5
2.04488376753507,6.057140071059275,4.284311640896542,0.782267616817461,0.6318810538963083,7.956116232464929,7,5
2.064921843687375,6.026895564544224,4.263473406456745,0.7800936659767678,0.62976355840291,7.936078156312624,7,5
2.084959919839679,5.997091778060026,4.242936305780693,0.7779406952276465,0.6276665122625852,7.91604008016032,6,5
2.104997995991984,5.967718146451015,4.222693155230887,0.7758083033500653,0.6255895242779369,7.896002004008015,6,5
2.1250360721442885,5.938764455285395,4.20273700881806,0.7736961005256481,0.623532214370743,7.875963927855711,6,5
2.145074148296593,5.910220826037935,4.18306114818768,0.7716037079096939,0.6214942131645141,7.8559258517034065,6,5
2.165112224448898,5.882077702030306,4.1636590731173815,0.7695307572230915,0.6194751615864599,7.835887775551102,6,5
2.1851503006012023,5.854325835083702,4.1445244924947655,0.7674768903630298,0.6174747104877902,7.815849699398797,6,5
2.205188376753507,5.826956272841499,4.125651315747148,0.7654417590314747,0.6154925202813472,7.795811623246492,6,5
2.2252264529058117,5.79996034672258,4.10703364469673,0.7634250243804473,0.613528260595626,7.775773547094188,6,5
2.2452645290581166,5.7733296604685895,4.08866576581647,0.7614263566732015,0.6115816099443065,7.755735470941882,6,5
2.265302605210421,5.747056079250827,4.070542142863551,0.7594454349604518,0.6096522554104641,7.735697394789579,6,5
2.285340681362725,5.721131719304754,4.052657409868894,0.7574819467708571,0.6077398923446875,7.715659318637274,6,5
2.30537875751503,5.695548938062198,4.035006364462537,0.755535587815013,0.6058442240763743,7.69562124248497,6,5
2.3254168336673344,5.670300324753252,4.017583961516037,0.7536060617022523,0.6039649616375184,7.675583166332665,6,5
2.3454549098196393,5.645378691451684,4.0003853070842625,0.7516930796695935,0.6021018234983492,7.65554509018036,6,5
2.365492985971944,5.620777064539358,3.9834056526300334,0.7497963603222175,0.6002545353142137,7.635507014028056,6,4
2.3855310621242487,5.596488676566662,3.9666403895161477,0.7479156293848889,0.5984228296831363,7.61546893787575,6,4
2.405569138276553,5.57250695848746,3.950085043750286,0.7460506194637727,0.5966064459135183,7.595430861723447,6,4
2.425607214428858,5.548825532248344,3.9337352709691817,0.7442010698181307,0.5948051298014715,7.575392785571141,6,4
2.4456452905811625,5.525438203713268,3.917586851649293,0.7423667261414061,0.5930186334173139,7.555354709418837,6,4
2.465683366733467,5.502338955905757,3.901635686531979,0.7405473403512405,0.5912467149007741,7.5353166332665324,6,4
2.4857214428857715,5.479521942552007,3.8858777922519305,0.7387426703879876,0.5894891382644859,7.515278557114228,6,4
2.505759519038076,5.456981481909163,3.8703092971582573,0.7369524800213151,0.5877456732053712,7.4952404809619235,6,4
2.525797595190381,5.434712050864016,3.854926437318281,0.7351765386645073,0.5860160949235336,7.475202404809618,6,4
2.5458356713426853,5.4127082792882355,3.8397255526946714,0.7334146211961049,0.58430018394831,7.455164328657315,6,4
2.56587374749499,5.390964944637051,3.824703083487103,0.7316665077885345,0.5825977259711391,7.435126252505009,6,4
2.5859118236472947,5.369476966779103,3.809855566630136,0.7299319837434045,0.5809085116849324,7.415088176352705,6,4
2.605949899799599,5.348239403045831,3.7951796324394893,0.7282108393331566,0.5792323366296435,7.3950501002004,6,4
2.625987975951904,5.327247443489496,3.7806720013993425,0.7265028696487809,0.5775690010437531,7.375012024048095,6,4
2.6460260521042085,5.306496406339515,3.766329481083704,0.7248078744533197,0.5759183097213992,7.354973947895791,6,4
2.666064128256513,5.285981733647388,3.75214896320528,0.7231256580408957,0.5742800718748957,7.334935871743486,6,4
2.6861022044088174,5.265698987111034,3.7381274207856623,0.7214560291010181,0.5726541010023992,7.3148977955911825,6,4
2.7061402805611223,5.245643844069881,3.724261905440971,0.7197988005879309,0.5710402147604929,7.294859719438877,6,4
2.726178356713427,5.2258120936625065,3.71054954477744,0.7181537895947798,0.569438234841472,7.274821643286573,6,4
2.7462164328657312,5.206199633139099,3.6969875398917047,0.7165208172323863,0.5678479868551204,7.254783567134268,6,4
2.766254509018036,5.186802464321425,3.6835731629708697,0.7148997085124276,0.5662693002147869,7.234745490981963,6,4
2.7862925851703406,5.1676166902033795,3.6703037549876716,0.7132902922348334,0.564702008027572,7.214707414829659,6,4
2.8063306613226455,5.148638511685567,3.6571767234863217,0.7116924008792145,0.5631459469884491,7.194669338677354,6,4
2.82636873747495,5.129864224437721,3.644189540454841,0.7101058705001551,0.5616009572781535,7.1746312625250495,6,4
2.846406813627255,5.11129021588309,3.631339740279918,0.7085305406262028,0.5600668824646767,7.154593186372745,6,4
2.866444889779559,5.092912962299224,3.618624917780547,0.7069662541624019,0.5585435694082177,7.1345551102204405,6,4
2.886482965931864,5.074729026029888,3.606042726316861,0.7054128572962193,0.5570308681694432,7.114517034068136,6,4
2.9065210420841683,5.056735052803121,3.5935908759708135,0.7038701994067267,0.5555286319209233,7.094478957915831,6,4
2.9265591182364727,5.0389277691506775,3.5812671317954825,0.7023381329769005,0.5540367168616075,7.074440881763527,6,4
2.9465971943887777,5.021303979924369,3.569069312129968,0.7008165135089143,0.5525549821342202,7.054402805611222,6,4
2.966635270541082,5.003860565905032,3.5569952869769996,0.6993051994423007,0.5510832897454547,7.034364729458917,6,4
2.986673346693387,4.986594481500066,3.5450429764405103,0.6978040520748694,0.5496215044888543,7.014326653306613,5,4
3.0067114228456915,4.969502752525698,3.533210349220578,0.696312935486266,0.5481694938702704,6.9942885771543075,5,4
3.0267494989979964,4.952582474070307,3.521495421163258,0.6948317164640725,0.5467271280357976,6.974250501002003,5,4
3.046787575150301,4.935830808435338,3.5098962538629617,0.6933602644323434,0.5452942797020861,6.954212424849699,5,4
3.066825651302605,4.9192449831504925,3.4984109533151395,0.6918984513824847,0.5438708240889377,6.934174348697395,5,4
3.08686372745491,4.902822289060049,3.487037668617147,0.690446151806383,0.5424566388540973,6.91413627254509,5,4
3.1069018036072142,4.886560078477346,3.4757745907152744,0.6890032426316993,0.5410516040301544,6.894098196392785,5,4
3.126939879759519,4.870455763404527,3.4646199511959956,0.6875696031592398,0.5396556019634712,6.874060120240481,5,4
3.1469779559118236,4.854506813814899,3.453572021119633,0.6861451150023296,0.5382685172550639,6.854022044088175,5,4
3.1670160320641285,4.838710755995265,3.442629109894659,0.6847296620281081,0.5368902367033577,6.833983967935871,5,4
3.187054108216433,4.823065170945817,3.4317895641909986,0.683323130300677,0.5355206492487489,6.8139458917835665,5,4
3.2070921843687374,4.807567692835207,3.4210517668907277,0.6819254080260287,0.5341596459199032,6.793907815631262,5,4
3.2271302605210423,4.792216007508585,3.4104141360746616,0.6805363854986902,0.532807119781727,6.7738697394789575,5,4
3.247168336673347,4.777007851046464,3.399875124043398,0.6791559550500179,0.5314629658849496,6.753831663326652,5,4
3.2672064128256513,4.761941008372378,3.3894332163714265,0.677784010998083,0.5301270812172546,6.733793587174349,5,4
3.2872444889779557,4.747013311907393,3.379086930993004,0.6764204495990885,0.528799364655907,6.713755511022043,5,4
3.3072825651302606,4.7322226402696295,3.368834817318536,0.6750651690002626,0.5274797169218193,6.693717434869739,5,4
3.327320641282565,4.717566917017003,3.3586754553802707,0.6737180691941739,0.5261680405350039,6.673679358717434,5,4
3.34735871743487,4.703044109431539,3.348607455006162,0.6723790519744196,0.524864239771365,6.653641282565129,5,4
3.3673967935871745,4.6886522273435896,3.3386294550208127,0.6710480208926338,0.5235682206207778,6.633603206412825,5,4
3.387434869739479,4.674389321994478,3.3287401224724538,0.6697248812167729,0.5222798907464125,6.61356513026052,5,4
3.407472945891784,4.660253484936039,3.3189381518849594,0.6684095398906292,0.5209991594452577,6.593527054108216,5,4
3.4275110220440883,4.646242846965692,3.3092222645339535,0.667101905494534,0.5197259376098007,6.573488977955911,5,4
3.447549098196393,4.632355577095668,3.299591207746085,0.6658018882072019,0.5184601376908251,6.553450901803606,5,4
3.4675871743486972,4.6185898815551285,3.2900437542206173,0.6645093997686851,0.5172016736612869,6.533412825651302,5,4
3.487625250501002,4.604944002823925,3.2805787013724697,0.6632243534443911,0.5159504609812297,6.513374749498997,5,4
3.5076633266533066,4.591416218696832,3.2711948706959477,0.6619466639901338,0.5147064165637067,6.493336673346693,5,4
3.527701402805611,4.578004841377122,3.261891107148366,0.6606762476181783,0.5134694587416727,6.473298597194388,5,4
3.547739478957916,4.564708216598392,3.2526662785528564,0.6594130219642471,0.5122395072358135,6.4532605210420835,5,4
3.5677775551102204,4.551524722773631,3.2435192750196413,0.658156906055457,0.5110164831232813,6.433222444889779,5,4
3.5878156312625253,4.5384527701705,3.234449008385113,0.6569078202791515,0.5098003088073062,6.413184368737474,5,4
3.60785370741483,4.5254908001119185,3.2254544116680743,0.6556656863526034,0.5085909079876532,6.39314629258517,5,4
3.6278917835671347,4.5126372842009985,3.2165344385425105,0.6544304272935537,0.5073882056318973,6.373108216432865,5,4
3.647929859719439,4.499890723569506,3.2076880628263282,0.6532019673915651,0.5061921279474919,6.35307014028056,5,4
3.667967935871743,4.487249648148957,3.1989142779854576,0.6519802321801563,0.5050026023545977,6.333032064128256,5,4
3.688006012024048,4.474712615963596,3.190212096652811,0.6507651484096986,0.5038195574596569,6.312993987975951,5,4
3.7080440881763526,4.462278212444446,3.181580550161547,0.649556644021044,0.5026429230296798,6.292955911823647,5,4
3.7280821643286575,4.449945049763725,3.1730186880921556,0.6483546481198667,0.5014726299672259,6.2729178356713415,5,4
3.748120240480962,4.437711766188891,3.1645255778328814,0.6471590909516893,0.500308610286055,6.252879759519038,5,4
3.768158316633267,4.4255770254556435,3.1561003041530102,0.6459699038775768,0.4991507970874275,6.232841683366733,5,4
3.7881963927855713,4.413539516159253,3.147741968788601,0.6447870193504744,0.4979991245370339,6.212803607214428,5,4
3.808234468937876,4.401597951163537,3.1394496900402094,0.6436103708921692,0.49685352784253156,6.192765531062124,5,4
3.8282725450901807,4.389751067026934,3.1312226023822163,0.6424398930708565,0.4957139432316719,6.172727454909818,5,4
3.8483106212424847,4.377997623445061,3.1230598560833545,0.6412755214792916,0.49458030793099844,6.152689378757515,5,4
3.8683486973947896,4.366336402709212,3.1149606168380624,0.6401171927135092,0.49345256014509753,6.132651302605209,5,4
3.888386773547094,4.354766209180259,3.1069240654082986,0.6389648443520923,0.49233063903638535,6.112613226452906,5,4
3.908424849699399,4.343285868777433,3.0989493972754736,0.6378184149359732,0.49121448470541496,6.0925751503006005,5,4
3.9284629258517034,4.3318942284815085,3.091035822302153,0.6366778439487522,0.49010403817168585,6.072537074148296,5,4
3.9485010020040083,4.320590155851892,3.0831825644032165,0.6355430717975152,0.4889992413549421,6.052498997995992,5,4
3.968539078156313,4.309372538557178,3.0753888612261684,0.6344140397941389,0.48790003705694474,6.032460921843686,5,4
3.9885771543086173,4.29824028391871,3.0676539638402796,0.6332906901370644,0.48680636894370144,6.012422845691383,5,4
4.008615230460922,4.287192318466747,3.0599771364342985,0.6321729658935297,0.4857181815281432,5.992384769539077,5,4
4.0286533066132275,4.276227587508806,3.0523576560224326,0.6310608109822428,0.48463542015323163,5.972346693386772,5,4
4.048691382765531,4.265345054709794,3.0447948121583535,0.629954170156487,0.4835580309754861,5.952308617234468,5,4
4.068729458917836,4.254543701683558,3.037287906656946,0.6288529889876412,0.482485960948917,5.932270541082163,5,4
4.088767535070141,4.24382252759548,3.02983625332358,0.627757213849106,0.48141915780935435,5.9122324649298585,5,4
4.108805611222445,4.233180548775764,3.0224391776906403,0.6266667919006226,0.4803575700591586,5.892194388777554,5,4
4.128843687374751,4.222616798343089,3.0150960167611074,0.6255816710729724,0.4793011469523041,5.872156312625249,5,4
4.148881763527054,4.212130325838288,3.0078061187589515,0.6245018000530485,0.4782498384798232,5.852118236472945,5,4
4.168919839679359,4.201720196867742,3.0005688428861372,0.6234271282692843,0.4772035953556014,5.832080160320641,5,4
4.188957915831664,4.191385492756195,2.993383559086027,0.6223576058774342,0.47616236900251246,5.812042084168335,5,3
4.208995991983969,4.181125310208691,2.986249647812987,0.6212931837466916,0.47512611153888523,5.792004008016031,5,3
4.229034068136273,4.170938760981338,2.979166499808007,0.6202338134461371,0.47409477576529097,5.771965931863726,5,3
4.2490721442885775,4.160824971560658,2.972133515880142,0.6191794472315071,0.47306831515164344,5.751927855711422,5,3
4.269110220440883,4.150783082851233,2.9651501066936063,0.6181300380322737,0.4720466838246024,5.731889779559117,5,3
4.289148296593186,4.140812249871406,2.958215692560346,0.6170855394390264,0.4710298365552721,5.711851703406813,5,3
4.309186372745492,4.13091164145679,2.9513297032379167,0.616045905691149,0.47001772874718595,5.691813627254508,5,3
4.329224448897796,4.121080439971355,2.944491577732521,0.6150110916647811,0.46901031642457097,5.671775551102203,5,3
4.349262525050101,4.111317841025855,2.9377007641070345,0.6139810528610581,0.46800755622088186,5.651737474949899,5,3
4.369300601202405,4.101623053203381,2.930956719293886,0.6129557453946216,0.4670094053675997,5.631699398797594,5,3
4.38933867735471,4.091995297791837,2.924258908912637,0.6119351259823925,0.4660158216832865,5.61166132264529,5,3
4.409376753507015,4.082433808523115,2.9176068070921297,0.6109191519325996,0.4650267635628887,5.5916232464929845,5,3
4.4294148296593185,4.072937831318787,2.9109998962970614,0.6099077811340569,0.46404218996728386,5.571585170340681,5,3
4.449452905811624,4.0635066240421125,2.904437667158861,0.6089009720456829,0.4630620604130627,5.5515470941883756,5,3
4.469490981963928,4.0541394562561885,2.8979196183107447,0.6078986836862559,0.462086334962541,5.531509018036071,5,3
4.489529058116234,4.04483560898805,2.891445256226816,0.6069008756243971,0.4611149742139947,5.511470941883766,5,3
4.509567134268537,4.035594374498562,2.8850140950651104,0.6059075079687786,0.46014793929211284,5.491432865731462,5,3
4.529605210420843,4.026415056057912,2.8786256565144597,0.6049185413585458,0.4591851918386611,5.471394789579157,5,3
4.549643286573147,4.01729696772659,2.8722794696450724,0.6039339369539549,0.4582266940033531,5.451356713426852,5,3
4.569681362725451,4.008239434141634,2.8659750707627185,0.6029536564272118,0.4572724084349209,5.431318637274549,5,3
4.589719438877756,3.9992417903080475,2.85971200326642,0.6019776619535145,0.4563222982723809,5.411280561122243,4,3
4.6097575150300605,3.9903033813952127,2.8534898175095504,0.6010059162022899,0.45537632713649107,5.391242484969939,4,3
4.629795591182366,3.981423562538168,2.8473080706642415,0.6000383823286197,0.45443445912139224,5.371204408817634,4,3
4.649833667334669,3.9726016986436115,2.841166326589009,0.5990750239648527,0.45349665878643075,5.35116633266533,4,3
4.669871743486975,3.9638371642004904,2.835064155699502,0.5981158052123957,0.4525628911481561,5.331128256513025,4,3
4.689909819639279,3.9551293430950727,2.8290011348423008,0.5971606906336828,0.45163312167249103,5.31109018036072,4,3
4.709947895791585,3.9464776284303404,2.8229768471716605,0.5962096452443126,0.4507073162670674,5.291052104208415,4,3
4.729985971943888,3.9378814223496215,2.816990882029139,0.5952626345053554,0.4497854412737252,5.271014028056111,4,3
4.750024048096193,3.929340135864316,2.8110428348260155,0.5943196243158205,0.4488674634611706,5.250975951903807,4,3
4.770062124248498,3.9208531886856224,2.8051323069284275,0.5933805810052836,0.4479533500177875,5.2309378757515015,4,3
4.7901002004008015,3.9124200090601464,2.7992589055451607,0.5924454713266682,0.44704306854460096,5.210899799599198,4,3
4.810138276553107,3.9040400336092844,2.7934222436180027,0.5915142624491776,0.44613658704838616,5.190861723446893,4,3
4.830176352705411,3.895712707172293,2.7876219397146085,0.5905869219513734,0.445233873934922,5.170823647294588,4,3
4.850214428857717,3.8874374826529228,2.7818576179237984,0.5896634178143982,0.4443348980023829,5.150785571142283,4,3
4.87025250501002,3.879213820869552,2.7761289077532334,0.5887437184153379,0.4434396284348688,5.130747494989979,4,3
4.890290581162326,3.8710411904086865,2.7704354440293892,0.5878277925207184,0.44254803479606525,5.110709418837674,4,3
4.91032865731463,3.86291906748178,2.7647768667997887,0.586915609280138,0.4416600870230357,5.090671342685369,4,3
4.9303667334669345,3.85484693578525,2.7591528212374143,0.5860071382200279,0.44077575542013897,5.070633266533065,4,3
4.950404809619239,3.8468242863636286,2.7535629575472536,0.5851023492375391,0.43989501065306985,5.05059519038076,4,3
4.9704428857715435,3.838850617475752,2.7480069308749187,0.584201212594553,0.43901782374302084,5.030557114228456,4,3
4.990480961923849,3.830925434463922,2.742484401217286,0.5833036989118133,0.43814416606096096,5.010519038076151,4,3
5.010519038076152,3.8230482496259457,2.7369950333351034,0.5824097791631743,0.437274009322029,4.990480961923847,4,3
5.030557114228458,3.8152185820899924,2.731538496667512,0.5815194246699639,0.43640732558003875,4.970442885771542,4,3
5.050595190380762,3.8074359576921935,2.7261144652484393,0.58063260709546,0.43554408722209415,4.950404809619237,4,3
5.070633266533067,3.799699908856904,2.7207226176248067,0.5797492984394754,0.43468426696330975,4.930366733466933,4,3
5.090671342685371,3.792009974479568,2.7153626367765127,0.5788694710330484,0.4338278378416363,4.910328657314628,4,3
5.1107094188376765,3.7843656998121222,2.710034210038142,0.57799309753324,0.43297477321278777,4.890290581162323,4,3
5.130747494989981,3.776766636350861,2.704737029022357,0.5771201509180308,0.43212504674526736,4.8702525050100185,4,3
5.1507855711422845,3.769212341726715,2.699470789544934,0.5762506044813186,0.4312786324154907,4.850214428857715,4,3
5.17082364729459,3.761702379597872,2.694235191551392,0.5753844318280122,0.43043550450300333,4.83017635270541,4,3
5.190861723446894,3.7542363195446873,2.6890299390451875,0.5745216068692212,0.42959563758579156,4.810138276553105,4,3
5.210899799599199,3.746813736966824,2.6838547400174257,0.573662103817537,0.4287590065356825,4.790100200400801,4,3
5.230937875751503,3.739434212982564,2.6787093063780567,0.5728058971824062,0.42792558651383367,4.770062124248496,4,3
5.250975951903809,3.732097334330243,2.6735933538885113,0.5719529617655901,0.427095352966307,4.750024048096191,4,3
5.271014028056113,3.7248026932717493,2.6685066020957553,0.5711032726567128,0.4262682816197294,4.729985971943886,4,3
5.2910521042084175,3.7175498874980453,2.6634487742677115,0.5702568052288928,0.4254443484770339,4.709947895791582,4,3
5.311090180360722,3.710338520036645,2.6584195973300258,0.5694135351344568,0.42462352981328155,4.689909819639277,4,3
5.3311282565130265,3.7031681991610226,2.653418801804143,0.568573438300735,0.42380580217156316,4.669871743486973,4,3
5.351166332665331,3.6960385383018846,2.6484461217466566,0.567736490925935,0.42299114235897645,4.6498336673346685,4,3
5.371204408817635,3.6889491559602705,2.643501294689906,0.5669026694750923,0.422179527442679,4.629795591182364,4,3
5.391242484969941,3.681899675622436,2.638584061583788,0.5660719506760966,0.42137093474601517,4.609757515030059,4,3
5.411280561122245,3.6748897256764748,2.633694166738757,0.5652443115157924,0.4205653418447138,4.589719438877754,4,3
5.43131863727455,3.6679189393306375,2.6288313577699762,0.5644197292361499,0.41976272656315694,4.56968136272545,4,3
5.451356713426854,3.6609869545333096,2.623995385542611,0.563598181330509,0.4189630669707175,4.549643286573145,4,3
5.4713947895791595,3.6540934138946004,2.6191860041182107,0.5627796455398894,0.41816634137816305,4.52960521042084,4,3
5.491432865731463,3.6472379646095168,2.6144029707021805,0.5619640998493699,0.41737252833412664,4.509567134268536,4,3
5.511470941883768,3.640420258382676,2.609646045592294,0.5611515224845339,0.41658160662164045,4.489529058116231,4,3
5.531509018036073,3.6336399513545206,2.6049149921282417,0.5603418919079773,0.415793555254734,4.469490981963927,4,3
5.551547094188377,3.6268967040290065,2.6002095766421744,0.5595351868158823,0.41500835347509235,4.449452905811622,4,3
5.571585170340682,3.6201901812027266,2.595529568410232,0.5587313861346507,0.4142259807487757,4.429414829659318,4,3
5.591623246492986,3.613520051895427,2.5908747396050233,0.5579304690175982,0.4134464167629967,4.409376753507013,4,3
5.611661322645292,3.606885989281907,2.5862448652490424,0.5571324148417095,0.4126696414229566,4.389338677354708,4,3
5.631699398797596,3.600287670625242,2.581639723168999,0.556337203204448,0.41189563484873676,4.369300601202403,4,3
5.6517374749499005,3.5937247772113188,2.577059093951036,0.555544813920625,0.41112437737224616,4.349262525050099,4,3
5.671775551102205,3.587196994284648,2.572502760896823,0.5547552270193231,0.4103558495342225,4.3292244488977945,4,3
5.69181362725451,3.580704010985423,2.5679705099804955,0.5539684227408739,0.40959003208128597,4.309186372745489,4,3
5.711851703406814,3.574245520287792,2.563462129806431,0.5531843815338887,0.4088269059630457,4.2891482965931855,4,3
5.731889779559118,3.567821218939327,2.5589774115678314,0.552403084052342,0.40806645232925554,4.269110220440881,4,3
5.751927855711424,3.561430807401651,2.554516149006108,0.5516245111527038,0.4073086525270207,4.249072144288576,4,3
5.771965931863728,3.55507398979221,2.5500781383710334,0.5508486438911254,0.4065534880980523,4.229034068136271,4,3
5.792004008016033,3.548750473827147,2.54566317838166,0.5500754635206699,0.4058009407759698,4.208995991983967,4,3
5.812042084168337,3.542459970765267,2.5412710701879746,0.5493049514885933,0.40505099248364934,4.188957915831662,4,3
5.8320801603206425,3.5362021953530665,2.5369016173332826,0.548537089433671,0.40430362533061887,4.168919839679357,4,3
5.852118236472946,3.5299768657707995,2.532554625717299,0.5477718591835712,0.40355882161049716,4.148881763527053,4,3
5.872156312625251,3.523783703579554,2.528229903559931,0.5470092427522719,0.4028165637984762,4.128843687374748,4,3
5.892194388777556,3.517622433669333,2.5239272613657433,0.5462492223375234,0.4020768345488478,4.108805611222444,4,3
5.912232464929861,3.5114927842080923,2.519646511889082,0.545491780318352,0.4013396166925709,4.088767535070138,4,3
5.932270541082165,3.505394486591741,2.5153874700998493,0.5447368992526085,0.4006048932348808,4.068729458917835,4,3
5.952308617234469,3.4993272753950593,2.511149953149911,0.5439845618745546,0.39987264735293804,4.04869138276553,4,3
5.972346693386775,3.493290888323534,2.5069337803401255,0.5432347510924934,0.3991428623935176,4.028653306613225,4,3
5.992384769539078,3.4872850661660775,2.5027387730879807,0.5424874499864375,0.3984155218707362,4.008615230460921,4,3
6.0124228456913835,3.4813095527486166,2.4985647548958196,0.5417426418058156,0.3976906094638175,3.988577154308616,4,3
6.032460921843688,3.4753640948885347,2.494411551319656,0.5410003099672194,0.3969681090148954,3.9685390781563115,4,3
6.052498997995993,3.4694484423499414,2.490278989938549,0.5402604380521858,0.3962480045268521,3.948501002004006,4,3
6.072537074148297,3.4635623477997624,2.486166900324538,0.539523009805017,0.39553028016119357,3.9284629258517025,4,3
6.092575150300602,3.457705566764617,2.4820751140131234,0.5387880091306351,0.3948149202359589,3.908424849699397,4,3
6.112613226452907,3.4518778575884883,2.478003464474278,0.538055420092474,0.39410190922366445,3.8883867735470927,4,3
6.13265130260521,3.4460789813911434,2.4739517870839807,0.5373252269104036,0.393391231749282,3.868348697394789,4,3
6.152689378757516,3.4403087020273118,2.469919919096257,0.5365974139586902,0.39268287258824836,3.848310621242484,4,3
6.17272745490982,3.434566786046585,2.465907699615727,0.535871965763987,0.3919768166645098,3.8282725450901793,4,3
6.1927655310621255,3.428853002654039,2.4619149695706337,0.5351488670033602,0.39127304904859556,3.808234468937874,4,3
6.212803607214429,3.4231671236715573,2.4579415716863555,0.5344281025023454,0.39057155495572454,3.7881963927855704,4,3
6.232841683366734,3.4175089234998324,2.4539873504593843,0.5337096572330353,0.38987231974394104,3.768158316633265,4,3
6.252879759519039,3.4118781790810475,2.4500521521317666,0.5329935163121983,0.3891753289122815,3.7481202404809606,4,3
6.272917835671343,3.406274669862216,2.4461358246659892,0.5322796649994279,0.3884805680989697,3.728082164328656,4,3
6.292955911823648,3.4006981777591543,2.4422382177203095,0.5315680886953201,0.38778802307964144,3.7080440881763517,4,3
6.312993987975953,3.395148487121098,2.438359182624512,0.5308587729396812,0.3870976797655967,3.6880060120240463,4,3
6.333032064128258,3.389625384695931,2.4344985723560937,0.5301517034097633,0.3864095242020805,3.667967935871742,4,3
6.353070140280561,3.384128659596017,2.4306562415168544,0.5294468659185273,0.3857235425665898,3.6479298597194383,4,3
6.3731082164328665,3.3786581032646255,2.426832046309901,0.5287442464129346,0.38503972116720775,3.627891783567133,4,3
6.393146292585171,3.3732135094429423,2.4230258445170416,0.5280438309722643,0.3843580464409643,3.6078537074148285,4,3
6.413184368737475,3.3677946741376403,2.4192374954765716,0.5273456058064566,0.3836785049522212,3.587815631262524,4,3
6.43322244488978,3.3624013955890173,2.4154668600614415,0.5266495572544837,0.3830010833910843,3.5677775551102195,4,3
6.453260521042085,3.3570334742396706,2.4117138006577945,0.5259556717827442,0.3823257685718381,3.547739478957914,4,3
6.47329859719439,3.351690712703712,2.4079781811438727,0.5252639359834831,0.3816525474314066,3.5277014028056097,4,3
6.493336673346694,3.346372915736508,2.404259866869281,0.5245743365732367,0.3809814070278368,3.5076633266533053,4,3
6.513374749498999,3.3410798902049255,2.4005587246346014,0.5238868603913007,0.38031233453880603,3.487625250501001,4,3
6.533412825651303,3.3358114450580914,2.3968746226713518,0.5232014943982218,0.3796453172601518,3.4675871743486963,4,3
6.553450901803608,3.3305673912986387,2.3932074306222813,0.5225182256743135,0.3789803426044247,3.447549098196392,4,3
6.573488977955912,3.3253475419544376,2.389557019521999,0.5218370414181928,0.3783173980994629,3.4275110220440874,4,3
6.593527054108217,3.320151712050801,2.3859232617779234,0.521157928945341,0.3776564713869888,3.407472945891782,4,3
6.613565130260522,3.3149797185831558,2.38230603115155,0.5204808756866849,0.3769975502212264,3.3874348697394776,4,3
6.633603206412826,3.3098313804901656,2.3787052027400337,0.5198058691872001,0.3763406224675402,3.367396793587173,4,3
6.653641282565131,3.3047065186273046,2.3751206529580715,0.5191328971045355,0.37568567610109416,3.3473587174348687,4,3
6.673679358717436,3.299604955740867,2.3715522595200884,0.5184619472076581,0.3750326992055309,3.3273206412825633,4,3
6.693717434869741,3.294526516442404,2.3679999014227167,0.5177930073755181,0.3743816799716714,3.307282565130259,4,3
6.713755511022044,3.2894710271835867,2.364463458927558,0.5171260655957346,0.37373260669623243,3.2872444889779553,4,3
6.7337935871743495,3.284438316231475,2.3609428135442365,0.5164611099632996,0.3730854677805654,3.26720641282565,4,3
6.753831663326654,3.279428213644198,2.3574378480137215,0.5157981286793033,0.37244025172941186,3.2471683366733455,4,3
6.773869739478958,3.2744405512470243,2.353948446291923,0.5151371100496754,0.3717969471496787,3.227130260521041,4,3
6.793907815631263,3.269475162608828,2.3504744935335573,0.514478042483948,0.3711555427492311,3.2070921843687366,4,3
6.813945891783568,3.2645318830189334,2.3470158760762687,0.5138209144940347,0.3705160273357029,3.187054108216431,4,3
6.833983967935873,3.259610549464334,2.343572481425011,0.5131657146930283,0.36987838981532495,3.1670160320641267,4,3
6.854022044088177,3.25471100060728,2.3401441982366795,0.5125124317940163,0.36924261919177065,3.1469779559118223,4,3
6.874060120240482,3.249833076763224,2.336730916304988,0.5118610546089128,0.3686087045650175,3.126939879759518,4,3
6.894098196392787,3.244976619879126,2.33333252654559,0.5112115720473092,0.3679766351302263,3.1069018036072125,4,3
6.9141362725450906,3.240141473512097,2.3299489209814355,0.5105639731153387,0.367346400176636,3.086863727454909,4,3
6.934174348697395,3.2353274828083896,2.3265799927283615,0.509918246914561,0.36671798908647457,3.0668256513026044,4,3
6.9542124248497,3.23053449448272,2.323225635980911,0.5092743826408593,0.36609139133388574,3.046787575150299,4,3
6.974250501002005,3.2257623567979183,2.319885745998376,0.5086323695833557,0.36546659648387114,3.0267494989979946,4,3
6.994288577154309,3.221010919544899,2.3165602190910635,0.5079921971233412,0.36484359419124796,3.00671142284569,4,3
7.014326653306614,3.216280034022949,2.3132489526067674,0.5073538547332214,0.3642223741996201,2.9866733466933857,4,3
7.034364729458919,3.211569553020325,2.309951844917469,0.5067173319754763,0.3636029263403665,2.9666352705410803,4,3
7.054402805611223,3.206879330795154,2.30666879540623,0.5060826185016366,0.3629852405316412,2.9465971943887768,4,3
7.074440881763528,3.202209223056633,2.3033997044542964,0.5054497040512725,0.36236930677738943,2.9265591182364714,4,3
7.0944789579158325,3.1975590869465216,2.3001444734284062,0.5048185784509988,0.3617551151663768,2.906521042084167,4,3
7.114517034068137,3.19292878102092,2.2969030046682866,0.5041892316134916,0.36114265587123234,2.8864829659318625,4,3
7.134555110220441,3.188318165232335,2.29367520147435,0.5035616535365218,0.36053191914750526,2.866444889779558,4,3
7.154593186372746,3.183727100912016,2.290460968095576,0.502935834302,0.3599228953327341,2.8464068136272536,4,3
7.174631262525051,3.1791554507525683,2.287260209717584,0.502311764075035,0.35931557484553034,2.826368737474948,4,3
7.194669338677355,3.174603078790831,2.2840728324508834,0.5016894331030061,0.3587099481846733,2.8063306613226446,4,3
7.21470741482966,3.170069850391017,2.2808987433193066,0.5010688317146481,0.35810600592821823,2.7862925851703393,4,3
7.234745490981965,3.1655556322281138,2.277737850248619,0.5004499503191487,0.35750373873261737,2.766254509018035,4,3
7.25478356713427,3.1610602922715327,2.2745900620553003,0.4998327794052587,0.35690313733185214,2.7462164328657295,4,3
7.2748216432865735,3.1565836997690107,2.2714552884354964,0.49921730954041427,0.3563041925365781,2.726178356713426,4,3
7.294859719438879,3.1521257252307513,2.268333439954137,0.498603531369871,0.3557068952332806,2.7061402805611205,4,3
7.314897795591183,3.1476862404138117,2.265224428034221,0.49799143561585085,0.3551112363834437,2.686102204408816,4,3
7.334935871743487,3.143265118306719,2.26212816494626,0.4973810130766997,0.3545172070227291,2.6660641282565125,4,3
7.354973947895792,3.13886223311432,2.259044563797879,0.4967722546260565,0.35392479826016626,2.646026052104207,4,3
7.375012024048097,3.1344774602428593,2.2559735385235777,0.4961651512120346,0.3533340012773547,2.6259879759519027,4,3
7.395050100200402,3.1301106762852786,2.2529150038746377,0.49555969385641313,0.3527448073276757,2.6059498997995973,4,3
7.415088176352706,3.125761759006737,2.249868875409186,0.4949558736538401,0.35215720773551584,2.5859118236472938,4,3
7.435126252505011,3.121430587330343,2.2468350694824006,0.4943536817710456,0.3515711938955002,2.5658737474949884,4,3
7.4551643286573155,3.117117041323104,2.2438135032368667,0.49375310944606615,0.3509867572717362,2.545835671342684,4,3
7.47520240480962,3.1128210021820757,2.2408040945930687,0.4931541479874791,0.3504038893970678,2.5257975951903795,4,3
7.495240480961924,3.1085423522207236,2.237806762240029,0.49255678877364745,0.34982258187233933,2.505759519038075,4,3
7.515278557114229,3.10428097485548,2.234821425626076,0.49196102325197477,0.3492428263656691,2.4857214428857706,4,3
7.535316633266534,3.1000367545925003,2.231848004949756,0.4913668429381698,0.3486646146117331,2.465683366733465,4,3
7.555354709418838,3.0958095770146117,2.2288864211508725,0.49077423941552106,0.348087938411058,2.4456452905811616,4,3
7.575392785571143,3.0915993287684533,2.2259365959016555,0.49018320433418094,0.34751278962932336,2.4256072144288563,4,3
7.595430861723448,3.0874058975518053,2.222998451598062,0.48959372941045964,0.3469391601966732,2.405569138276552,4,3
7.615468937875753,3.0832291721010954,2.2200719113512,0.48900580642612723,0.3463670421070364,2.3855310621242465,4,3
7.6355070140280565,3.0790690421790967,2.21715689897888,0.48841942722772685,0.345796427417457,2.365492985971943,4,3
7.655545090180362,3.0749253985627902,2.21425333899728,0.48783458372589455,0.3452273082474313,2.3454549098196376,4,3
7.675583166332666,3.070798133031416,2.211361156612743,0.4872512678946903,0.34465967677825626,2.325416833667333,4,3
7.69562124248497,3.066687138354684,2.208480277713679,0.4866694717709361,0.34409352525238385,2.3053787575150295,4,3
7.715659318637275,3.06259230828116,2.205610628862592,0.48608918745356305,0.3435288459727853,2.285340681362724,4,3
7.73569739478958,3.058513537526819,2.2027521372882157,0.48551040710296783,0.3429656313023237,2.2653026052104197,4,3
7.755735470941885,3.054450721763755,2.1999047308777637,0.48493312294037594,0.3424038736631334,2.2452645290581144,4,3
7.775773547094189,3.0504037576090584,2.197068338169288,0.48435732724721464,0.3418435655360089,2.225226452905811,4,3
7.795811623246494,3.046372542613845,2.194242888344144,0.4837830123644927,0.34128469945980044,2.2051883767535054,4,3
7.8158496993987985,3.042356975252448,2.19142831121957,0.4832101706921895,0.34072726803081865,2.185150300601201,4,3
7.835887775551103,3.0383569549117517,2.188624537241358,0.4826387946886501,0.34017126390224517,2.1651122244488965,4,3
7.855925851703407,3.0343723818806856,2.185831497476639,0.48206887686998995,0.33961667978355214,2.145074148296592,4,3
7.875963927855713,3.0304031573398595,2.183049123606763,0.481500409809506,0.33906350843992866,2.1250360721442867,4,3
7.896002004008017,3.026449183351346,2.180277347920281,0.4809333861370955,0.338511742691714,2.1049979959919822,4,3
7.916040080160321,3.0225103628486063,2.177516103306023,0.48036779853868256,0.33796137541383925,2.0849599198396787,4,3
7.936078156312626,3.0185865996265537,2.1747653232462745,0.4798036397556514,0.33741239953527447,2.0649218436873733,4,3
7.956116232464931,3.0146777983317588,2.1720249418100464,0.47924090258428714,0.3368648080384843,2.044883767535069,4,3
7.976154308617235,3.0107838644527862,2.169294893646435,0.4786795798752236,0.336318593958889,2.0248456913827644,4,3
7.9961923847695395,3.0069047043106694,2.16657511397808,0.47811966453289756,0.3357737503843336,2.00480761523046,4,3
8.016230460921843,3.003040225049512,2.163865538594706,0.4775611495150106,0.33523027045456266,1.9847695390781563,4,3
8.036268537074148,2.999190334627224,2.1611661038467593,0.47700402783199725,0.3346881473607023,1.964731462925851,3,3
8.056306613226454,2.99535494180638,2.1584767466391233,0.4764482925464995,0.334147374344748,1.9446933867735456,3,3
8.076344689378757,2.991533956145204,2.1557974044249275,0.4758939367728484,0.33360794469905947,1.924655310621242,3,3
8.096382765531061,2.987727287988679,2.1531280151994374,0.4753409536765516,0.3330698517658612,1.9046172344689385,3,3
8.116420841683366,2.9839348484597767,2.1504685174940263,0.47478933647378746,0.3325330889367495,1.8845791583166331,3,3
8.136458917835672,2.980156549450805,2.1478188503702325,0.4742390784309055,0.3319976496522055,1.8645410821643278,3,3
8.156496993987975,2.9763923036148747,2.1451789534138928,0.47369017286393283,0.3314635274011144,1.8445030060120242,3,3
8.17653507014028,2.97264202435748,2.142548766729358,0.4731426131380864,0.3309307157202901,1.8244649298597189,3,3
8.196573146292586,2.9689056258281936,2.1399282309337844,0.4725963926672917,0.33039920819400603,1.8044268537074135,3,3
8.21661122244489,2.9651830229124747,2.137317287151504,0.4720515049137073,0.3298689984535317,1.78438877755511,3,3
8.236649298597193,2.9614741312235817,2.134715877008466,0.47150794338725444,0.32934008017667465,1.7643507014028064,3,3
8.2566873747495,2.9577788670946004,2.1321239426267593,0.47096570164515345,0.3288124470873283,1.7443126252504992,3,3
8.276725450901804,2.9540971475705735,2.1295414266192014,0.4704247732914649,0.32828609295502537,1.7242745490981957,3,3
8.296763527054107,2.950428890400737,2.1269682720840013,0.4698851519766368,0.3277610115944956,1.704236472945892,3,3
8.316801603206413,2.9467740140308574,2.1244044225994947,0.4693468313970565,0.32723719686523034,1.6841983967935867,3,3
8.336839679358716,2.9431324375956773,2.1218498222189486,0.4688098052946099,0.32671464267105155,1.6641603206412832,3,3
8.356877755511023,2.9395040809114485,2.119304415465432,0.4682740674562429,0.326193342959686,1.644122244488976,3,3
8.376915831663327,2.9358888644685806,2.1167681473267588,0.46773961171353134,0.3256732917223452,1.6240841683366725,3,3
8.39695390781563,2.932286709424368,2.1142409632504884,0.46720643194225353,0.3251544829933085,1.6040460921843689,3,3
8.416991983967936,2.9286975375958257,2.1117228091390037,0.4666745220619692,0.32463691084951396,1.5840080160320635,3,3
8.437030060120241,2.925121271452615,2.1092136313446437,0.4661438760356033,0.3241205694101518,1.5639699398797582,3,3
8.457068136272545,2.921557834110059,2.106713376664904,0.46561448786903453,0.32360545283626374,1.5439318637274546,3,3
8.47710621242485,2.9180071493222535,2.104221992337699,0.4650863516106886,0.32309155533034656,1.5238937875751493,3,3
8.497144288577154,2.9144691414752644,2.1017394260366857,0.4645594613511368,0.322578871135961,1.5038557114228457,3,3
8.517182364729457,2.9109437355804135,2.099265625866646,0.4640338112226986,0.32206739453734445,1.4838176352705421,3,3
8.537220440881764,2.907430857267653,2.096800540358933,0.46350939539904956,0.3215571198590289,1.463779559118235,3,3
8.557258517034068,2.9039304327790267,2.094344118466972,0.4629862080948337,0.321048041465463,1.4437414829659314,3,3
8.577296593186372,2.900442388962208,2.0918963095618213,0.46246424356527976,0.3205401537606386,1.4237034068136278,3,3
8.597334669338677,2.896966653264133,2.089457063427787,0.4619434961058231,0.32003345118772136,1.4036653306613225,3,3
8.617372745490982,2.8935031537247022,2.0870263302581002,0.4614239600517307,0.3195279282286866,1.3836272545090171,3,3
8.637410821643288,2.890051818970576,2.0846040606506437,0.4609056297777319,0.3190235794039582,1.3635891783567118,3,3
8.657448897795591,2.8866125782090366,2.0821902056037342,0.46038849969765216,0.3185203992720526,1.3435511022044082,3,3
8.677486973947895,2.883185361221937,2.0797847165119596,0.45987256426405143,0.31801838242922625,1.3235130260521046,3,3
8.6975250501002,2.8797700983597236,2.077387545162067,0.45935781796786745,0.31751752350912715,1.3034749498997993,3,3
8.717563126252506,2.876366720535536,2.074998643728907,0.45884425533806217,0.3170178171824517,1.283436873747494,3,3
8.737601202404809,2.8729751592193793,2.0726179647714233,0.45833187094127253,0.3165192581566032,1.2633987975951904,3,3
8.757639278557114,2.8695953464323702,2.070245461228697,0.45782065938146554,0.3160218411753564,1.243360721442885,3,3
8.777677354709418,2.866227214741059,2.0678810864160386,0.45731061529959693,0.3155255610185246,1.2233226452905814,3,3
8.797715430861723,2.8628706972518176,2.0655247940211305,0.4568017333732738,0.315030412501631,1.203284569138276,3,3
8.817753507014029,2.859525727605303,2.0631765381002167,0.4562940083164213,0.31453639047558385,1.1832464929859707,3,3
8.837791583166332,2.856192239970987,2.0608362730743397,0.45578743487895285,0.31404348982635505,1.1632084168336672,3,3
8.857829659318636,2.852870169041752,2.0585039537256247,0.45528200784644396,0.3135517054746624,1.1431703406813636,3,3
8.877867735470943,2.849559450028561,2.0561795351936114,0.45477772203981026,0.31306103237565586,1.1231322645290565,3,3
8.897905811623247,2.8462600186551894,2.0538629729716287,0.45427457231498913,0.3125714655186069,1.1030941883767529,3,3
8.917943887775552,2.8429718111530176,2.0515542229032158,0.4537725535626236,0.31208299992660127,1.0830561122244475,3,3
8.937981963927855,2.8396947642558987,2.049253241178587,0.4532716607077518,0.31159563065623574,1.063018036072144,3,3
8.958020040080159,2.836428815195081,2.0469599843311403,0.45277188870949875,0.31110935279731766,1.0429799599198404,3,3
8.978058116232466,2.8331739016941926,2.0446744092340077,0.4522732325607711,0.31062416147256827,1.0229418837675333,3,3
8.99809619238477,2.8299299619642984,2.0423964730966513,0.4517756872879571,0.3101400518373293,1.0029038076152297,3,3
9.018134268537073,2.826696934699001,2.040126133461496,0.4512792479506274,0.3096570190792725,0.9828657314629261,3,3
9.038172344689379,2.8234747590696165,2.0378633482006063,0.4507839096412416,0.30917505841811277,0.9628276553106208,3,3
9.058210420841684,2.8202633747204007,2.0356080755124037,0.4502896674848563,0.3086941651053241,0.9427895791583154,3,3
9.078248496993988,2.8170627217638367,2.033360273918423,0.4497965166388375,0.30821433442385904,0.9227515030060118,3,3
9.098286573146293,2.813872740775976,2.0311199022601083,0.4493044522925751,0.3077355616878712,0.9027134268537065,3,3
9.118324649298597,2.8106933727918437,2.0288869196956476,0.4488134696672017,0.3072578422424404,0.8826753507014029,3,3
9.1383627254509,2.807524559300891,2.0266612856968456,0.4483235640153137,0.3067811714633013,0.8626372745490993,3,3
9.158400801603207,2.8043662422425055,2.0244429600460325,0.4478347306206957,0.3063055447565744,0.8425991983967922,3,3
9.17843887775551,2.801218364001581,2.022231902833017,0.447346964798048,0.3058309575585015,0.8225611222444886,3,3
9.198476953907816,2.7980808674041273,2.0200280744520636,0.4468602618927165,0.3053574053351816,0.8025230460921833,3,3
9.21851503006012,2.79495369571295,2.017831435598918,0.44637461728042666,0.30488488358231175,0.7824849699398797,3,3
9.238553106212425,2.791836792623366,2.01564194726786,0.44589002636701935,0.30441338782493005,0.7624468937875744,3,3
9.25859118236473,2.788730102258981,2.0134595707487972,0.44540648458818977,0.303942913617161,0.742408817635269,3,3
9.278629258517034,2.785633569167512,2.011284267624387,0.44492398740922967,0.3034734565419643,0.7223707414829654,3,3
9.298667334669338,2.782547138316662,2.009115999767199,0.4444425303247718,0.3030050122108856,0.7023326653306619,3,3
9.318705410821643,2.779470755090038,2.0069547293369068,0.4439621088585371,0.30253757626381084,0.6822945891783565,3,3
9.338743486973948,2.77640436528313,2.0048004187775157,0.44348271856308535,0.3020711443687226,0.6622565130260512,3,3
9.358781563126252,2.7733479150993205,2.00265303081462,0.44300435501956736,0.3016057122214591,0.6422184368737476,3,3
9.378819639278557,2.7703013511459558,2.0005125284526954,0.4425270138374809,0.30114127554547576,0.6221803607214422,3,3
9.39885771543086,2.7672646204304554,1.9983788749724218,0.4420506906544286,0.3006778300916099,0.6021422845691387,3,2
9.418895791583168,2.7642376703564677,1.9962520339280363,0.44157538113587813,0.30021537163784695,0.5821042084168315,3,2
9.438933867735471,2.761220448720076,1.9941319691447221,0.44110108097492634,0.29975389598909014,0.562066132264528,3,2
9.458971943887775,2.7582129037060397,1.9920186447160197,0.4406277858920638,0.2992933989769318,0.5420280561122244,3,2
9.47901002004008,2.7552149838840894,1.9899120250012756,0.4401554916349438,0.2988338764594275,0.521989979959919,3,2
9.499048096192384,2.7522266382052574,1.9878120746231176,0.43968419397815245,0.2983753243208729,0.5019519038076155,3,2
9.51908617234469,2.749247815998255,1.985718758464958,0.43921388872298217,0.297917738471582,0.4819138276553101,3,2
9.539124248496995,2.746278466965891,1.9836320416685287,0.4387445716972066,0.2974611148476685,0.46187575150300475,3,2
9.559162324649298,2.7433185411815284,1.9815518896314428,0.43827623875485866,0.2970054494108298,0.4418376753507012,3,2
9.579200400801602,2.7403679890855877,1.9794782680047842,0.43780888577601057,0.29655073814813177,0.4217995991983976,3,2
9.599238476953909,2.7374267614820846,1.9774111426907246,0.43734250866655605,0.29609697707179705,0.4017615230460905,3,2
9.619276553106213,2.7344948095352146,1.975350479840172,0.43687710335799557,0.29564416221899587,0.3817234468937869,3,2
9.639314629258516,2.7315720847659675,1.9732962458504377,0.4364126658072224,0.2951922896516373,0.3616853707414833,3,2
9.659352705410821,2.728658539048788,1.971248407362939,0.43594919199631227,0.29474135545616453,0.341647294589178,3,2
9.679390781563125,2.7257541246082733,1.9692069312609224,0.43548667793231466,0.29429135574335136,0.3216092184368744,3,2
9.699428857715432,2.7228587940159032,1.967171784667213,0.4350251196470459,0.2938422866481005,0.3015711422845673,3,2
9.719466933867736,2.719972500186816,1.965142934941994,0.4345645131968851,0.2933941443292452,0.2815330661322637,3,2
9.73950501002004,2.7170951963766123,1.9631203496806044,0.43410485466257187,0.29294692496935126,0.2614949899799601,3,2
9.759543086172345,2.714226836178201,1.9611039967113673,0.4336461401490055,0.2925006247745223,0.24145691382765477,3,2
9.77958116232465,2.711367373518678,1.95909384409344,0.43318836578504744,0.29205523997420685,0.22141883767534942,3,2
9.799619238476954,2.708516762656242,1.9570898601146896,0.4327315277233251,0.29161076682100684,0.20138076152304585,3,2
9.819657314629259,2.705674958177142,1.9550920132895906,0.4322756221400371,0.2911672015904887,0.1813426853707405,3,2
9.839695390781563,2.7028419149926637,1.9531002723571476,0.4318206452347618,0.2907245405809958,0.16130460921843692,3,2
9.859733466933868,2.700017588336144,1.9511146062788416,0.43136659323026655,0.2902827801134634,0.14126653306613157,3,2
9.879771543086173,2.6972019337600246,1.9491349842365973,0.4309134623723197,0.2898419165312352,0.12122845691382622,3,2
9.899809619238477,2.6943949071329354,1.9471613756307748,0.43046124892950444,0.2894019461998813,0.10119038076152265,3,2
9.91984769539078,2.691596464636808,1.9451937500781835,0.4300099491930334,0.288962865507019,0.08115230460921907,3,2
9.939885771543086,2.688806562764028,1.9432320774101162,0.4295595594765672,0.28852467086213435,0.06111422845691372,3,2
9.959923847695391,2.686025158314612,1.9412763276704075,0.42911007611603263,0.28808735869640634,0.04107615230460837,3,2
9.979961923847696,2.683252208393422,1.939326471113512,0.4286614954694446,0.2876509254625323,0.02103807615230302,3,2
10.0,2.680487670407405,1.937382478202605,0.42821381391672814,0.2872153676345554,0.0009999999999994458,3,2
